intid,q1,tenure,rsentity,int_gender,int_ethnicity,off_female,off_bosniak,elected,tr_wearhijab,hijab_muslim,dv_const_1,dv_const_2,dv_const_3,dv_const_4,dv_const_5,dv_const_6,dv_represent_scale,dv_ethnic_coop_scale,approve_scale
11034,1,0,1,2,1,1,0,0,1,0,1,3,1,4,3,3,-2.8132164,-0.45001343,3
11034,1,10,1,2,1,0,0,1,0,0,2,2,5,4,5,4,-1.0175802,0.79597932,4
11034,1,3,1,2,1,1,0,1,1,0,5,2,4,4,5,5,-0.22427088,0.79597932,5
11034,1,3,1,2,1,1,0,1,1,0,4,4,5,4,4,3,0.65449661,0.17298293,3
11034,1,0,1,2,1,0,0,0,0,0,5,5,5,2,2,4,1.490535,-2.3519332,4
11034,1,0,1,2,1,0,0,0,1,0,2,2,4,5,4,2,-1.4681805,0.81244469,2
11034,1,0,1,2,1,0,0,0,0,0,1,1,4,4,4,3,-2.304219,0.17298293,3
11034,1,0,0,2,1,0,0,0,0,0,3,3,3,3,3,3,-1.0827425,-1.0894752,3
11034,1,0,1,2,1,1,0,0,0,0,4,5,3,4,3,2,0.17469773,-0.45001343,2
11034,1,0,1,2,1,0,0,0,0,0,5,4,4,2,5,4,0.61853278,-0.48294419,4
11034,1,3,1,2,1,0,0,1,0,0,4,5,5,4,4,4,1.0758985,0.17298293,4
11034,1,3,1,2,1,0,0,1,1,0,5,4,5,5,3,4,1.0691332,0.18944831,4
11034,1,0,1,2,1,0,0,0,1,0,4,3,1,2,3,3,-1.5693067,-1.7289369,3
11034,1,4,1,2,1,1,0,1,0,0,4,5,4,5,4,4,0.62529808,0.81244469,4
11034,1,0,1,2,1,0,0,0,1,0,2,2,2,1,2,2,-2.3693812,-2.991395,2
11034,1,12,1,2,1,0,0,1,1,0,4,5,3,4,5,4,0.17469773,0.79597932,4
11034,1,0,1,2,1,1,0,0,1,0,3,4,1,1,5,4,-1.5625414,-1.1224059,4
11034,1,12,1,2,1,0,0,1,1,0,5,2,2,4,3,4,-1.1254716,-0.45001343,4
11034,1,7,1,2,1,0,0,1,1,0,4,4,4,4,4,4,0.20389625,0.17298293,4
11034,1,4,1,2,1,0,0,1,1,0,4,4,5,4,5,5,0.65449661,0.79597932,5
11034,1,4,1,2,1,0,0,1,0,0,5,4,5,5,4,5,1.0691332,0.81244469,5
11034,1,0,1,2,1,0,0,0,0,0,5,3,5,5,5,3,0.64773136,1.435441,3
11034,1,3,1,2,1,0,0,1,1,0,5,5,4,5,5,5,1.0399346,1.435441,5
11034,1,6,1,2,1,0,0,1,1,0,5,2,5,4,5,1,0.22632949,0.79597932,1
11034,1,4,1,2,1,1,0,1,0,0,5,2,2,2,4,2,-1.1254716,-1.1059406,2
11034,1,0,1,2,1,1,0,0,0,0,5,2,4,3,5,2,-0.22427088,0.15651757,2
11034,1,0,1,2,1,1,0,0,1,0,3,4,5,4,4,2,0.23986009,0.17298293,2
11034,1,0,1,2,1,0,0,0,0,0,4,2,4,3,2,4,-0.63890743,-1.7124715,4
11034,1,0,1,2,1,0,0,0,0,0,4,3,2,4,3,2,-1.1187063,-0.45001343,2
11034,1,4,1,2,1,0,0,1,0,0,5,4,5,2,4,4,1.0691332,-1.1059406,4
11034,1,3,1,2,1,0,0,1,0,0,5,2,4,3,4,4,-0.22427088,-0.46647879,4
11034,2,1,1,2,1,0,0,1,0,0,3,5,5,4,4,3,0.66126192,0.17298293,3
12425,3,7,0,2,3,0,1,1,0,0,4,2,4,4,4,4,-0.63890743,0.17298293,4
12425,3,0,0,2,3,0,1,0,0,0,5,5,5,5,5,5,1.490535,1.435441,5
12425,3,3,0,2,3,1,1,1,0,0,5,3,4,3,5,5,0.19713096,0.15651757,5
12425,3,20,0,2,3,0,1,1,0,0,5,5,3,5,5,5,0.58933425,1.435441,5
12425,3,4,0,2,3,0,1,1,1,1,5,5,3,3,5,3,0.58933425,0.15651757,3
12425,3,3,0,2,3,0,1,1,0,0,5,5,5,5,5,5,1.490535,1.435441,5
12425,3,0,0,2,3,1,1,0,1,1,5,4,5,5,5,5,1.0691332,1.435441,5
12425,2,3,0,2,3,0,0,1,1,0,3,3,3,3,3,3,-1.0827425,-1.0894752,3
12425,3,3,0,2,3,1,1,1,1,1,3,3,3,3,3,3,-1.0827425,-1.0894752,3
12425,3,2,0,2,3,0,1,1,0,0,4,4,3,3,3,3,-0.24670412,-1.0894752,3
12425,2,3,0,2,3,0,0,1,0,0,5,1,1,4,5,1,-1.9974738,0.79597932,1
12425,2,1,0,2,3,0,0,1,1,0,3,3,3,3,3,3,-1.0827425,-1.0894752,3
12425,2,7,0,2,3,0,0,1,0,0,3,3,3,3,3,3,-1.0827425,-1.0894752,3
12425,2,3,0,2,3,1,0,1,0,0,5,5,5,5,5,5,1.490535,1.435441,5
12425,3,7,0,2,3,0,1,1,0,0,3,3,3,3,3,3,-1.0827425,-1.0894752,3
12425,2,3,0,2,3,0,0,1,0,0,3,3,3,3,3,3,-1.0827425,-1.0894752,3
12425,3,3,0,2,3,0,1,1,1,1,2,3,3,3,3,3,-1.4973791,-1.0894752,3
12425,2,7,0,2,3,0,0,1,1,0,4,4,3,3,3,4,-0.24670412,-1.0894752,4
12425,3,3,0,2,3,0,1,1,0,0,5,5,2,4,4,5,0.13873389,0.17298293,5
12425,3,0,1,2,3,0,1,0,0,0,5,4,5,1,1,5,1.0691332,-3.6143913,5
12425,3,7,0,2,3,0,1,1,1,1,3,3,3,3,3,3,-1.0827425,-1.0894752,3
12425,3,3,0,2,3,0,1,1,1,1,3,3,3,3,3,3,-1.0827425,-1.0894752,3
12425,3,0,0,2,3,1,1,0,1,1,2,2,3,2,4,3,-1.9187809,-1.1059406,3
12425,3,3,0,2,3,0,1,1,0,0,5,4,4,4,5,5,0.61853278,0.79597932,5
12425,3,3,0,2,3,0,1,1,1,1,5,3,4,5,1,5,0.19713096,-1.0565444,5
12425,3,0,1,2,3,0,1,0,1,1,5,5,5,3,5,5,1.490535,0.15651757,5
12425,3,4,0,2,3,0,1,1,1,1,3,4,3,4,3,4,-0.66134065,-0.45001343,4
12425,3,3,0,2,3,0,1,1,0,0,5,5,4,5,5,4,1.0399346,1.435441,4
12425,3,7,0,2,3,0,1,1,1,1,5,4,4,4,4,4,0.61853278,0.17298293,4
12425,3,4,0,2,3,1,1,1,0,0,5,4,5,4,3,5,1.0691332,-0.45001343,5
12425,3,7,0,2,3,0,1,1,1,1,5,5,3,4,4,5,0.58933425,0.17298293,5
12425,3,3,0,2,3,1,1,1,0,0,5,3,5,5,3,4,0.64773136,0.18944831,4
12425,3,0,1,2,3,1,1,0,1,1,4,4,5,2,2,5,0.65449661,-2.3519332,5
12425,2,7,0,2,3,0,0,1,1,0,5,5,5,5,5,5,1.490535,1.435441,5
14314,3,0,0,1,1,0,1,0,1,1,5,5,5,5,3,5,1.490535,0.18944831,5
14314,3,0,1,1,1,0,1,0,1,1,5,3,5,4,4,4,0.64773136,0.17298293,4
14314,3,8,0,1,1,0,1,1,0,0,5,4,5,4,3,5,1.0691332,-0.45001343,5
14314,3,0,1,1,1,0,1,0,1,1,5,5,5,5,4,5,1.490535,0.81244469,5
14314,3,0,1,1,1,0,1,0,0,0,5,3,4,4,2,4,0.19713096,-1.0730098,4
14314,3,0,1,1,1,1,1,0,0,0,1,3,3,3,3,3,-1.9120156,-1.0894752,3
14314,3,3,0,1,1,0,1,1,0,0,5,5,5,5,1,5,1.490535,-1.0565444,5
14314,3,0,1,1,1,0,1,0,1,1,5,5,5,4,5,5,1.490535,0.79597932,5
14314,3,3,0,1,1,0,1,1,1,1,4,3,5,5,5,3,0.2330948,1.435441,3
14314,3,0,0,1,1,0,1,0,0,0,5,4,4,5,5,5,0.61853278,1.435441,5
14314,3,0,0,1,1,0,1,0,0,0,5,5,4,5,5,3,1.0399346,1.435441,3
14314,3,0,1,1,1,0,1,0,1,1,5,4,5,5,4,5,1.0691332,0.81244469,5
14314,3,0,1,1,1,1,1,0,0,0,4,5,5,5,4,4,1.0758985,0.81244469,4
14314,2,0,1,1,1,1,0,0,0,0,4,4,5,5,3,4,0.65449661,0.18944831,4
14314,3,10,0,1,1,0,1,1,0,0,1,1,1,1,1,1,-3.6560199,-3.6143913,1
14314,3,3,0,1,1,0,1,1,1,1,5,5,5,5,5,5,1.490535,1.435441,5
14563,3,11,0,2,3,0,1,1,0,0,3,3,4,4,2,4,-0.63214213,-1.0730098,4
14563,3,0,0,2,3,0,1,0,1,1,4,5,4,5,5,5,0.62529808,1.435441,5
14563,3,3,0,2,3,1,1,1,1,1,5,4,4,5,4,5,0.61853278,0.81244469,5
14563,3,0,0,2,3,0,1,0,0,0,5,3,4,3,4,2,0.19713096,-0.46647879,2
14563,3,12,0,2,3,0,1,1,0,0,4,4,5,4,4,5,0.65449661,0.17298293,5
14563,3,0,0,2,3,0,1,0,1,1,5,5,5,5,5,5,1.490535,1.435441,5
14563,3,0,0,2,3,1,1,0,0,0,4,5,4,4,5,5,0.62529808,0.79597932,5
14563,3,4,0,2,3,0,1,1,1,1,4,4,3,4,3,4,-0.24670412,-0.45001343,4
14563,3,7,0,2,3,0,1,1,0,0,5,5,5,5,5,5,1.490535,1.435441,5
14563,3,0,0,2,3,0,1,0,1,1,3,3,3,4,4,3,-1.0827425,0.17298293,3
14563,3,0,0,2,3,1,1,0,0,0,5,5,5,5,5,5,1.490535,1.435441,5
14563,3,0,0,2,3,1,1,0,0,0,5,5,5,5,5,5,1.490535,1.435441,5
14563,3,7,0,2,3,0,1,1,0,0,5,3,4,5,5,3,0.19713096,1.435441,3
14563,3,0,0,2,3,1,1,0,1,1,5,5,5,5,5,5,1.490535,1.435441,5
14563,3,0,0,2,3,1,1,0,1,1,3,4,4,4,3,4,-0.21074028,-0.45001343,4
14563,3,7,0,2,3,0,1,1,0,0,4,4,5,4,4,4,0.65449661,0.17298293,4
14563,3,4,0,2,3,0,1,1,1,1,4,3,4,4,5,4,-0.21750557,0.79597932,4
14563,3,0,0,2,3,0,1,0,0,0,3,4,4,4,3,4,-0.21074028,-0.45001343,4
14563,3,8,0,2,3,0,1,1,0,0,5,5,4,5,4,4,1.0399346,0.81244469,4
14563,3,0,0,2,3,1,1,0,0,0,4,3,4,4,3,3,-0.21750557,-0.45001343,3
14563,3,0,0,2,3,1,1,0,0,0,4,5,5,3,4,3,1.0758985,-0.46647879,3
15041,3,1,0,2,3,1,1,1,1,1,4,4,5,4,4,5,0.65449661,0.17298293,5
15041,3,0,1,2,3,1,1,0,1,1,5,2,1,1,4,4,-1.576072,-1.7454023,4
15041,3,0,1,2,3,0,1,0,1,1,5,4,3,4,5,4,0.16793244,0.79597932,4
15041,3,3,0,2,3,0,1,1,1,1,5,4,5,4,4,4,1.0691332,0.17298293,4
15041,3,8,0,2,3,0,1,1,1,1,3,3,1,1,3,1,-1.9839432,-2.3683987,1
15041,3,3,0,2,3,1,1,1,0,0,3,4,4,4,4,4,-0.21074028,0.17298293,4
15041,3,0,1,2,3,1,1,0,0,0,5,5,5,5,5,5,1.490535,1.435441,5
15041,2,4,0,2,3,1,0,1,1,0,4,4,5,3,3,3,0.65449661,-1.0894752,3
15041,3,6,0,2,3,0,1,1,1,1,5,4,4,5,2,4,0.61853278,-0.43354806,4
15041,3,4,0,2,3,0,1,1,0,0,3,2,2,3,3,2,-1.9547447,-1.0894752,2
15041,3,3,0,2,3,0,1,1,0,0,5,3,3,3,3,3,-0.25346941,-1.0894752,3
15041,2,3,0,2,3,0,0,1,1,0,5,5,5,3,5,5,1.490535,0.15651757,5
15041,3,3,0,2,3,0,1,1,0,0,4,4,4,4,2,4,0.20389625,-1.0730098,4
15041,3,3,0,2,3,0,1,1,1,1,3,3,3,3,3,3,-1.0827425,-1.0894752,3
15041,3,7,0,2,3,0,1,1,0,0,5,5,5,5,3,4,1.490535,0.18944831,4
15041,1,0,1,2,3,1,0,0,0,0,4,4,4,4,4,4,0.20389625,0.17298293,4
15041,3,7,0,2,3,0,1,1,0,0,4,3,5,5,5,4,0.2330948,1.435441,4
15041,3,7,0,2,3,0,1,1,0,0,1,4,5,1,5,4,-0.58941299,-1.1224059,4
15041,3,0,1,2,3,0,1,0,1,1,4,4,4,4,4,4,0.20389625,0.17298293,4
15041,2,0,1,2,3,1,0,0,0,0,4,3,4,5,4,3,-0.21750557,0.81244469,3
15041,2,4,0,2,3,1,0,1,0,0,5,5,5,5,5,4,1.490535,1.435441,4
15041,3,0,1,2,3,0,1,0,1,1,5,3,3,4,4,3,-0.25346941,0.17298293,3
18522,3,3,0,2,1,0,1,1,1,1,5,4,4,4,4,4,0.61853278,0.17298293,4
18522,2,3,0,2,1,0,0,1,0,0,3,3,4,4,3,3,-0.63214213,-0.45001343,3
18522,2,3,0,2,1,0,0,1,1,0,5,4,4,4,4,4,0.61853278,0.17298293,4
18522,3,0,0,2,1,1,1,0,0,0,4,3,4,4,4,4,-0.21750557,0.17298293,4
18522,2,7,0,2,1,0,0,1,1,0,5,4,4,3,2,4,0.61853278,-1.7124715,4
18522,3,1,0,2,1,1,1,1,0,0,5,5,5,1,4,4,1.490535,-1.7454023,4
18522,2,3,0,2,1,0,0,1,1,0,5,5,5,5,2,4,1.490535,-0.43354806,4
18522,3,0,0,2,1,0,1,0,1,1,5,5,3,4,3,5,0.58933425,-0.45001343,5
18522,3,0,0,2,1,0,1,0,0,0,5,2,4,5,5,4,-0.22427088,1.435441,4
18522,3,0,0,2,1,1,1,0,0,0,5,5,5,5,5,5,1.490535,1.435441,5
18522,3,15,0,2,1,0,1,1,0,0,5,5,5,5,5,4,1.490535,1.435441,4
18522,3,7,0,2,1,0,1,1,1,1,5,5,5,5,5,5,1.490535,1.435441,5
18522,2,5,0,2,1,0,0,1,0,0,4,3,4,4,4,4,-0.21750557,0.17298293,4
18522,3,0,0,2,1,1,1,0,1,1,4,4,5,4,4,4,0.65449661,0.17298293,4
18522,3,25,0,2,1,0,1,1,0,0,5,2,4,4,4,4,-0.22427088,0.17298293,4
18522,3,3,0,2,1,0,1,1,1,1,5,5,5,4,2,5,1.490535,-1.0730098,5
18522,2,0,0,2,1,0,0,0,0,0,4,4,4,4,4,4,0.20389625,0.17298293,4
18522,2,0,0,2,1,0,0,0,1,0,5,4,4,5,2,4,0.61853278,-0.43354806,4
18522,2,0,0,2,1,0,0,0,1,0,4,4,4,4,3,4,0.20389625,-0.45001343,4
18522,2,4,0,2,1,0,0,1,0,0,4,4,4,4,4,4,0.20389625,0.17298293,4
18522,3,3,0,2,1,0,1,1,0,0,5,5,5,5,5,5,1.490535,1.435441,5
26846,1,0,1,2,1,1,0,0,0,0,4,5,4,4,5,5,0.62529808,0.79597932,5
26846,1,8,1,2,1,0,0,1,0,0,2,3,2,3,2,3,-1.9479795,-1.7124715,3
26846,1,0,1,2,1,1,0,0,0,0,5,5,5,5,4,5,1.490535,0.81244469,5
26846,1,0,1,2,1,0,0,0,1,0,4,5,4,5,4,5,0.62529808,0.81244469,5
26846,1,0,1,2,1,1,0,0,0,0,4,3,5,5,4,5,0.2330948,0.81244469,5
26846,1,12,1,2,1,0,0,1,0,0,4,3,2,3,2,3,-1.1187063,-1.7124715,3
26846,1,7,1,2,1,0,0,1,1,0,5,4,5,4,4,4,1.0691332,0.17298293,4
26846,1,4,1,2,1,0,0,1,1,0,5,5,5,5,5,4,1.490535,1.435441,4
26846,1,4,1,2,1,0,0,1,0,0,2,4,4,3,4,5,-0.62537682,-0.46647879,5
26846,1,4,1,2,1,0,0,1,0,0,2,1,2,1,2,2,-2.7907832,-2.991395,2
26846,1,2,1,2,1,0,0,1,1,0,2,3,2,1,3,2,-1.9479795,-2.3683987,2
26846,1,3,1,2,1,0,0,1,0,0,3,4,4,4,5,4,-0.21074028,0.79597932,4
26846,1,0,1,2,1,0,0,0,1,0,5,5,3,4,5,4,0.58933425,0.79597932,4
26846,1,3,1,2,1,0,0,1,0,0,5,2,5,2,5,4,0.22632949,-0.48294419,4
26846,1,12,1,2,1,0,0,1,1,0,5,5,5,5,4,5,1.490535,0.81244469,5
26846,1,0,1,2,1,0,0,0,0,0,4,3,4,3,4,2,-0.21750557,-0.46647879,2
26846,1,10,1,2,1,0,0,1,1,0,5,2,4,2,5,2,-0.22427088,-0.48294419,2
26846,1,3,1,2,1,1,0,1,1,0,2,4,5,4,5,3,-0.17477645,0.79597932,3
26846,1,3,1,2,1,1,0,1,1,0,4,3,4,5,5,4,-0.21750557,1.435441,4
26846,1,0,1,2,1,1,0,0,0,0,5,4,5,4,5,4,1.0691332,0.79597932,4
26846,1,0,1,2,1,0,0,0,0,0,5,3,4,4,4,5,0.19713096,0.17298293,5
26846,1,0,1,2,1,1,0,0,1,0,4,5,5,5,5,5,1.0758985,1.435441,5
26846,1,3,1,2,1,0,0,1,1,0,4,4,4,4,4,4,0.20389625,0.17298293,4
26846,1,0,1,2,1,0,0,0,1,0,4,4,4,4,4,4,0.20389625,0.17298293,4
26846,1,16,1,2,1,1,0,1,0,0,4,5,5,5,5,4,1.0758985,1.435441,4
26846,1,0,1,2,1,0,0,0,1,0,5,4,5,2,4,5,1.0691332,-1.1059406,5
26846,1,0,1,2,1,0,0,0,0,0,4,5,4,4,4,4,0.62529808,0.17298293,4
26846,1,0,1,2,1,1,0,0,1,0,5,3,4,5,4,5,0.19713096,0.81244469,5
26846,1,0,1,2,1,1,0,0,0,0,5,3,5,4,5,5,0.64773136,0.79597932,5
26846,1,0,1,2,1,1,0,0,1,0,5,5,5,5,5,5,1.490535,1.435441,5
26846,1,0,1,2,1,0,0,0,0,0,5,4,4,2,4,5,0.61853278,-1.1059406,5
26846,1,8,1,2,1,0,0,1,0,0,4,4,4,4,4,4,0.20389625,0.17298293,4
26854,2,18,0,1,2,0,0,1,0,0,4,4,3,3,5,4,-0.24670412,0.15651757,4
26854,2,11,0,1,2,0,0,1,0,0,2,3,4,5,5,4,-1.0467787,1.435441,4
26854,2,4,0,1,2,0,0,1,1,0,2,2,2,2,2,2,-2.3693812,-2.3519332,2
26854,2,8,0,1,2,0,0,1,0,0,3,3,3,3,3,3,-1.0827425,-1.0894752,3
26854,2,8,0,1,2,0,0,1,0,0,3,4,5,4,3,3,0.23986009,-0.45001343,3
26854,2,8,0,1,2,0,0,1,1,0,3,3,3,4,3,3,-1.0827425,-0.45001343,3
26854,2,12,0,1,2,0,0,1,1,0,3,3,4,4,3,3,-0.63214213,-0.45001343,3
26854,2,8,0,1,2,1,0,1,0,0,3,4,4,3,4,3,-0.21074028,-0.46647879,3
27458,2,0,0,1,2,1,0,0,0,0,4,4,4,4,3,2,0.20389625,-0.45001343,2
27458,2,0,0,1,2,1,0,0,0,0,4,4,4,3,3,3,0.20389625,-1.0894752,3
27458,2,0,0,1,2,0,0,0,0,0,4,2,4,2,4,2,-0.63890743,-1.1059406,2
27458,2,4,0,1,2,0,0,1,1,0,3,3,3,3,4,3,-1.0827425,-0.46647879,3
27458,2,4,0,1,2,0,0,1,0,0,5,4,3,5,2,3,0.16793244,-0.43354806,3
27458,3,3,0,1,2,0,1,1,1,1,4,4,3,4,4,3,-0.24670412,0.17298293,3
27458,3,11,0,1,2,0,1,1,1,1,5,4,5,4,5,5,1.0691332,0.79597932,5
27458,2,0,0,1,2,0,0,0,1,0,1,2,2,1,2,2,-2.7840178,-2.991395,2
27458,2,3,0,1,2,1,0,1,0,0,5,4,5,4,4,3,1.0691332,0.17298293,3
27458,3,7,0,1,2,0,1,1,0,0,5,5,4,5,4,4,1.0399346,0.81244469,4
27458,2,0,0,1,2,1,0,0,0,0,4,4,3,4,2,4,-0.24670412,-1.0730098,4
27458,3,4,0,1,2,0,1,1,1,1,5,4,5,5,4,5,1.0691332,0.81244469,5
27458,2,0,0,1,2,1,0,0,1,0,4,5,2,2,3,2,-0.27590266,-1.7289369,2
27458,3,7,0,1,2,0,1,1,1,1,4,5,4,5,4,5,0.62529808,0.81244469,5
27458,2,4,0,1,2,1,0,1,0,0,4,4,3,3,4,2,-0.24670412,-0.46647879,2
27458,2,0,0,1,2,0,0,0,0,0,4,5,4,4,3,4,0.62529808,-0.45001343,4
27458,2,8,0,1,2,0,0,1,0,0,4,3,4,3,3,3,-0.21750557,-1.0894752,3
27458,2,3,0,1,2,1,0,1,1,0,4,2,5,5,5,3,-0.18830705,1.435441,3
27458,2,7,0,1,2,0,0,1,0,0,5,4,5,3,5,2,1.0691332,0.15651757,2
27458,2,12,0,1,2,0,0,1,1,0,4,3,2,4,3,3,-1.1187063,-0.45001343,3
27458,2,3,0,1,2,0,0,1,0,0,4,4,4,3,3,2,0.20389625,-1.0894752,2
27458,2,0,0,1,2,1,0,0,1,0,3,2,3,4,3,2,-1.5041443,-0.45001343,2
27458,2,0,0,1,2,1,0,0,1,0,2,2,1,5,2,4,-2.8199816,-0.43354806,4
27458,2,0,0,1,2,1,0,0,0,0,4,3,3,4,3,3,-0.66810596,-0.45001343,3
27458,2,0,0,1,2,1,0,0,1,0,4,5,4,3,2,2,0.62529808,-1.7124715,2
27458,2,0,0,1,2,1,0,0,0,0,5,4,4,4,4,3,0.61853278,0.17298293,3
27458,2,3,0,1,2,0,0,1,1,0,2,1,2,4,3,2,-2.7907832,-0.45001343,2
27458,2,0,0,1,2,0,0,0,1,0,2,2,4,3,3,2,-1.4681805,-1.0894752,2
27458,2,11,0,1,2,0,0,1,1,0,2,1,2,1,1,2,-2.7907832,-3.6143913,2
27458,2,0,0,1,2,1,0,0,1,0,3,4,2,3,2,1,-1.111941,-1.7124715,1
27458,3,0,0,1,2,1,1,0,1,1,5,5,5,5,5,5,1.490535,1.435441,5
27458,2,0,0,1,2,0,0,0,0,0,4,4,4,3,3,4,0.20389625,-1.0894752,4
27458,2,1,0,1,2,0,0,1,0,0,4,4,4,3,3,3,0.20389625,-1.0894752,3
27458,3,3,0,1,2,0,1,1,0,0,5,5,4,5,5,4,1.0399346,1.435441,4
27458,2,0,0,1,2,1,0,0,0,0,4,3,3,2,3,2,-0.66810596,-1.7289369,2
27458,2,0,0,1,2,0,0,0,1,0,3,3,4,3,4,3,-0.63214213,-0.46647879,3
27458,2,10,0,1,2,1,0,1,1,0,4,3,2,3,2,2,-1.1187063,-1.7124715,2
27458,2,0,0,1,2,1,0,0,0,0,4,4,4,5,4,2,0.20389625,0.81244469,2
27458,2,0,0,1,2,1,0,0,1,0,3,1,2,3,4,2,-2.3761466,-0.46647879,2
27458,2,4,0,1,2,0,0,1,0,0,4,3,3,2,4,3,-0.66810596,-1.1059406,3
27458,2,12,0,1,2,0,0,1,1,0,3,2,2,1,2,3,-1.9547447,-2.991395,3
27458,2,0,0,1,2,0,0,0,0,0,4,3,3,2,2,2,-0.66810596,-2.3519332,2
27458,2,0,0,1,2,0,0,0,1,0,4,2,4,4,3,4,-0.63890743,-0.45001343,4
27458,2,0,0,1,2,0,0,0,1,0,4,2,2,5,3,3,-1.5401082,0.18944831,3
27458,2,4,0,1,2,0,0,1,0,0,3,3,3,2,2,1,-1.0827425,-2.3519332,1
27458,2,0,0,1,2,0,0,0,1,0,2,1,2,3,3,3,-2.7907832,-1.0894752,3
27458,2,0,0,1,2,0,0,0,0,0,3,4,4,4,3,3,-0.21074028,-0.45001343,3
27458,2,3,0,1,2,1,0,1,0,0,4,4,4,3,3,2,0.20389625,-1.0894752,2
27458,2,11,0,1,2,0,0,1,0,0,5,2,3,4,4,3,-0.67487127,0.17298293,3
27458,2,3,0,1,2,0,0,1,0,0,4,4,3,2,4,3,-0.24670412,-1.1059406,3
27458,3,7,0,1,2,0,1,1,0,0,5,5,5,4,4,5,1.490535,0.17298293,5
27458,2,3,0,1,2,0,0,1,1,0,3,2,1,2,3,3,-2.4053452,-1.7289369,3
27458,2,0,0,1,2,0,0,0,0,0,4,4,5,3,2,2,0.65449661,-1.7124715,2
27458,2,0,0,1,2,1,0,0,0,0,1,3,4,2,3,2,-1.4614152,-1.7289369,2
27458,2,0,0,1,2,0,0,0,0,0,4,5,4,2,2,4,0.62529808,-2.3519332,4
27458,2,0,0,1,2,1,0,0,1,0,2,2,3,2,2,3,-1.9187809,-2.3519332,3
27458,2,0,0,1,2,0,0,0,0,0,4,4,3,4,4,4,-0.24670412,0.17298293,4
27458,2,0,0,1,2,0,0,0,0,0,4,5,4,3,2,4,0.62529808,-1.7124715,4
27458,3,0,0,1,2,1,1,0,0,0,3,3,4,2,4,4,-0.63214213,-1.1059406,4
27458,2,0,0,1,2,1,0,0,0,0,4,3,5,4,4,3,0.2330948,0.17298293,3
27458,2,3,0,1,2,0,0,1,1,0,2,2,3,2,3,2,-1.9187809,-1.7289369,2
27458,2,3,0,1,2,0,0,1,0,0,4,4,4,4,3,2,0.20389625,-0.45001343,2
27458,2,11,0,1,2,0,0,1,1,0,3,4,2,2,3,2,-1.111941,-1.7289369,2
27458,2,0,0,1,2,1,0,0,0,0,5,3,4,3,4,4,0.19713096,-0.46647879,4
27458,2,0,0,1,2,0,0,0,1,0,3,2,4,5,1,2,-1.0535439,-1.0565444,2
27458,2,3,0,1,2,0,0,1,0,0,4,5,4,3,4,2,0.62529808,-0.46647879,2
27458,2,8,0,1,2,0,0,1,0,0,4,4,3,4,3,3,-0.24670412,-0.45001343,3
27458,3,3,0,1,2,0,1,1,0,0,5,5,4,5,4,5,1.0399346,0.81244469,5
27458,3,5,0,1,2,0,1,1,1,1,5,4,4,3,4,5,0.61853278,-0.46647879,5
27458,2,0,0,1,2,1,0,0,0,0,4,5,4,3,4,2,0.62529808,-0.46647879,2
27458,3,7,0,1,2,0,1,1,1,1,5,5,5,5,5,5,1.490535,1.435441,5
27525,1,0,1,2,3,0,0,0,0,0,3,3,3,3,3,3,-1.0827425,-1.0894752,3
27525,3,3,0,2,3,0,1,1,0,0,4,3,4,4,4,4,-0.21750557,0.17298293,4
27525,1,3,1,2,3,0,0,1,0,0,4,4,4,4,4,4,0.20389625,0.17298293,4
27525,2,2,1,2,3,0,0,1,0,0,4,3,4,4,4,4,-0.21750557,0.17298293,4
27525,3,4,0,2,3,0,1,1,0,0,4,4,4,4,4,4,0.20389625,0.17298293,4
27525,3,4,0,2,3,0,1,1,1,1,5,5,5,5,5,5,1.490535,1.435441,5
27525,3,3,0,2,3,0,1,1,0,0,5,5,5,5,5,5,1.490535,1.435441,5
27525,1,0,1,2,3,0,0,0,1,0,4,3,4,4,4,4,-0.21750557,0.17298293,4
27525,2,0,0,2,3,1,0,0,1,0,5,4,5,5,5,4,1.0691332,1.435441,4
27525,1,0,1,2,3,1,0,0,0,0,4,4,4,4,4,4,0.20389625,0.17298293,4
27525,3,0,0,2,3,1,1,0,1,1,5,3,4,4,4,4,0.19713096,0.17298293,4
27525,1,8,1,2,3,0,0,1,0,0,4,4,4,4,4,4,0.20389625,0.17298293,4
27525,3,4,0,2,3,0,1,1,0,0,5,5,5,5,5,5,1.490535,1.435441,5
27525,3,7,0,2,3,0,1,1,1,1,5,4,4,4,4,5,0.61853278,0.17298293,5
27525,1,3,1,2,3,0,0,1,1,0,4,3,4,5,4,4,-0.21750557,0.81244469,4
27525,3,0,0,2,3,1,1,0,0,0,5,5,5,5,5,5,1.490535,1.435441,5
27525,3,12,0,2,3,0,1,1,1,1,5,4,5,5,5,5,1.0691332,1.435441,5
27525,3,2,0,2,3,1,1,1,0,0,4,4,5,5,5,5,0.65449661,1.435441,5
27525,1,0,1,2,3,0,0,0,1,0,4,4,4,4,4,4,0.20389625,0.17298293,4
27525,1,0,1,2,3,0,0,0,0,0,4,3,4,4,3,3,-0.21750557,-0.45001343,3
27525,3,0,0,2,3,1,1,0,0,0,4,4,4,5,3,4,0.20389625,0.18944831,4
27525,3,0,0,2,3,1,1,0,1,1,4,4,5,5,5,5,0.65449661,1.435441,5
27525,1,4,1,2,3,0,0,1,0,0,3,3,3,3,3,3,-1.0827425,-1.0894752,3
27525,3,1,0,2,3,0,1,1,1,1,4,4,5,4,4,4,0.65449661,0.17298293,4
27525,3,7,0,2,3,0,1,1,0,0,4,4,4,4,4,4,0.20389625,0.17298293,4
27525,3,3,0,2,3,0,1,1,0,0,5,5,3,5,5,3,0.58933425,1.435441,3
27525,3,11,0,2,3,0,1,1,0,0,3,4,4,4,4,5,-0.21074028,0.17298293,5
27525,3,4,0,2,3,0,1,1,1,1,4,4,4,4,4,4,0.20389625,0.17298293,4
27525,3,0,0,2,3,1,1,0,0,0,5,3,4,5,4,3,0.19713096,0.81244469,3
27525,1,0,1,2,3,0,0,0,1,0,4,2,4,4,4,4,-0.63890743,0.17298293,4
27525,1,0,1,2,3,1,0,0,1,0,4,4,5,3,4,3,0.65449661,-0.46647879,3
27525,3,12,0,2,3,1,1,1,1,1,5,5,5,5,5,5,1.490535,1.435441,5
27525,2,2,0,2,3,0,0,1,1,0,4,4,5,5,5,4,0.65449661,1.435441,4
27525,3,4,0,2,3,0,1,1,0,0,5,4,4,4,4,4,0.61853278,0.17298293,4
27525,3,1,0,2,3,0,1,1,0,0,4,4,4,4,4,4,0.20389625,0.17298293,4
28774,1,3,1,2,1,0,0,1,1,0,5,4,5,5,5,5,1.0691332,1.435441,5
28774,1,3,1,2,1,1,0,1,1,0,4,4,4,4,4,4,0.20389625,0.17298293,4
28774,1,3,1,2,1,0,0,1,0,0,5,4,5,5,5,5,1.0691332,1.435441,5
28774,1,0,1,2,1,1,0,0,0,0,5,4,5,5,5,3,1.0691332,1.435441,3
28774,1,0,1,2,1,0,0,0,0,0,4,4,4,4,3,2,0.20389625,-0.45001343,2
28774,1,3,1,2,1,0,0,1,1,0,4,4,4,4,4,4,0.20389625,0.17298293,4
28774,1,7,1,2,1,0,0,1,1,0,4,4,4,4,4,4,0.20389625,0.17298293,4
28774,3,11,1,2,1,0,1,1,0,0,5,5,5,5,5,5,1.490535,1.435441,5
28774,1,0,1,2,1,0,0,0,1,0,5,4,5,5,5,5,1.0691332,1.435441,5
28774,1,0,1,2,1,0,0,0,1,0,5,4,5,5,5,4,1.0691332,1.435441,4
28774,1,0,1,2,1,0,0,0,0,0,5,3,4,4,5,3,0.19713096,0.79597932,3
28774,1,0,1,2,1,0,0,0,1,0,4,2,4,4,4,3,-0.63890743,0.17298293,3
28774,1,3,1,2,1,0,0,1,0,0,4,5,5,5,5,4,1.0758985,1.435441,4
28774,1,0,1,2,1,1,0,0,0,0,5,4,4,5,4,5,0.61853278,0.81244469,5
28774,1,7,1,2,1,0,0,1,0,0,4,3,4,4,4,3,-0.21750557,0.17298293,3
28774,1,0,1,2,1,0,0,0,1,0,4,4,5,5,4,3,0.65449661,0.81244469,3
28774,1,0,1,2,1,0,0,0,1,0,5,3,4,5,5,3,0.19713096,1.435441,3
28774,1,3,1,2,1,0,0,1,1,0,5,5,5,5,5,4,1.490535,1.435441,4
28774,1,3,1,2,1,1,0,1,0,0,5,5,5,4,4,4,1.490535,0.17298293,4
28774,3,3,1,2,1,0,1,1,1,1,5,5,5,5,5,5,1.490535,1.435441,5
28774,1,7,1,2,1,0,0,1,0,0,5,4,5,4,4,3,1.0691332,0.17298293,3
28774,1,0,1,2,1,0,0,0,1,0,4,3,5,4,4,3,0.2330948,0.17298293,3
28774,1,11,1,2,1,0,0,1,1,0,5,4,5,5,4,5,1.0691332,0.81244469,5
28774,1,0,1,2,1,0,0,0,1,0,4,3,5,5,5,3,0.2330948,1.435441,3
28774,1,7,1,2,1,0,0,1,0,0,5,4,5,5,5,5,1.0691332,1.435441,5
28774,1,0,1,2,1,0,0,0,0,0,5,5,5,5,5,5,1.490535,1.435441,5
28774,1,3,1,2,1,0,0,1,1,0,5,3,5,5,5,4,0.64773136,1.435441,4
28774,1,7,1,2,1,0,0,1,1,0,5,3,5,4,5,5,0.64773136,0.79597932,5
28774,1,0,1,2,1,0,0,0,0,0,5,4,5,3,4,4,1.0691332,-0.46647879,4
28774,1,0,1,2,1,1,0,0,0,0,5,5,5,5,5,5,1.490535,1.435441,5
28774,1,0,1,2,1,0,0,0,0,0,5,5,4,4,4,4,1.0399346,0.17298293,4
28774,3,3,1,2,1,0,1,1,1,1,5,5,5,5,5,5,1.490535,1.435441,5
28774,1,0,1,2,1,1,0,0,0,0,4,4,4,4,4,4,0.20389625,0.17298293,4
28774,1,0,1,2,1,0,0,0,1,0,5,3,4,5,3,3,0.19713096,0.18944831,3
28774,1,3,1,2,1,0,0,1,0,0,1,2,2,3,5,5,-2.7840178,0.15651757,5
28774,1,0,1,2,1,0,0,0,0,0,5,2,4,4,4,3,-0.22427088,0.17298293,3
28774,1,0,1,2,1,0,0,0,0,0,5,4,4,4,4,4,0.61853278,0.17298293,4
28774,1,0,1,2,1,1,0,0,0,0,5,4,4,4,4,4,0.61853278,0.17298293,4
28774,1,0,1,2,1,0,0,0,1,0,5,4,5,5,5,3,1.0691332,1.435441,3
28784,3,3,0,1,3,1,1,1,0,0,5,5,5,5,5,5,1.490535,1.435441,5
28784,3,0,1,1,3,0,1,0,1,1,4,4,5,5,5,4,0.65449661,1.435441,4
28784,3,3,0,1,3,0,1,1,1,1,5,2,5,5,5,5,0.22632949,1.435441,5
28784,3,3,0,1,3,0,1,1,0,0,3,2,2,2,4,4,-1.9547447,-1.1059406,4
28784,3,0,0,1,3,0,1,0,1,1,5,4,3,3,3,3,0.16793244,-1.0894752,3
28784,1,3,1,1,3,0,0,1,0,0,5,3,5,5,5,5,0.64773136,1.435441,5
28784,3,1,0,1,3,0,1,1,0,0,5,5,4,4,4,5,1.0399346,0.17298293,5
28784,1,20,1,1,3,0,0,1,1,0,5,5,5,5,5,5,1.490535,1.435441,5
28784,3,1,0,1,3,1,1,1,0,0,4,2,4,3,5,3,-0.63890743,0.15651757,3
28784,3,3,0,1,3,1,1,1,1,1,5,4,5,5,5,4,1.0691332,1.435441,4
28784,3,0,0,1,3,0,1,0,0,0,5,1,2,4,5,3,-1.5468735,0.79597932,3
28784,3,12,0,1,3,0,1,1,1,1,5,5,5,5,5,5,1.490535,1.435441,5
28784,3,7,0,1,3,0,1,1,0,0,5,1,5,5,5,5,-0.19507234,1.435441,5
28784,1,0,0,1,3,0,0,0,0,0,5,2,5,5,5,5,0.22632949,1.435441,5
28784,3,0,1,1,3,0,1,0,1,1,5,5,5,5,5,5,1.490535,1.435441,5
28784,3,0,0,1,3,0,1,0,0,0,5,5,5,5,5,5,1.490535,1.435441,5
28784,1,0,0,1,3,0,0,0,1,0,4,5,4,3,5,4,0.62529808,0.15651757,4
28784,1,12,1,1,3,0,0,1,1,0,4,2,5,4,5,5,-0.18830705,0.79597932,5
28784,1,4,0,1,3,1,0,1,0,0,5,4,5,5,5,5,1.0691332,1.435441,5
28784,3,7,0,1,3,0,1,1,1,1,3,4,5,5,5,5,0.23986009,1.435441,5
28784,3,0,0,1,3,0,1,0,0,0,5,3,4,5,5,5,0.19713096,1.435441,5
28784,3,3,0,1,3,0,1,1,1,1,5,2,5,5,5,5,0.22632949,1.435441,5
28784,3,0,1,1,3,0,1,0,0,0,5,2,3,4,4,4,-0.67487127,0.17298293,4
28784,1,0,0,1,3,0,0,0,0,0,5,5,5,2,3,5,1.490535,-1.7289369,5
28784,1,0,0,1,3,1,0,0,0,0,3,2,2,3,1,1,-1.9547447,-2.3354678,1
28784,3,7,0,1,3,0,1,1,0,0,4,5,5,5,5,5,1.0758985,1.435441,5
28784,3,0,1,1,3,0,1,0,1,1,5,2,5,5,5,5,0.22632949,1.435441,5
28784,3,0,0,1,3,0,1,0,0,0,5,1,4,2,5,5,-0.64567274,-0.48294419,5
28784,1,0,0,1,3,0,0,0,1,0,5,3,5,5,5,5,0.64773136,1.435441,5
28784,3,0,0,1,3,0,1,0,1,1,3,4,3,4,5,5,-0.66134065,0.79597932,5
28784,3,1,0,1,3,1,1,1,1,1,4,4,5,5,5,5,0.65449661,1.435441,5
28784,1,12,1,1,3,0,0,1,1,0,4,3,4,3,5,5,-0.21750557,0.15651757,5
28784,3,1,0,1,3,1,1,1,1,1,5,5,5,5,5,5,1.490535,1.435441,5
28784,1,0,0,1,3,0,0,0,1,0,4,5,4,5,4,4,0.62529808,0.81244469,4
28784,1,0,1,1,3,1,0,0,0,0,3,4,5,5,5,5,0.23986009,1.435441,5
28784,3,0,0,1,3,0,1,0,1,1,5,4,4,5,5,4,0.61853278,1.435441,4
28784,3,0,1,1,3,1,1,0,0,0,5,5,5,5,5,5,1.490535,1.435441,5
28784,3,3,0,1,3,0,1,1,0,0,4,4,5,5,5,4,0.65449661,1.435441,4
28784,1,0,0,1,3,0,0,0,0,0,5,1,1,5,1,5,-1.9974738,-1.0565444,5
28784,1,2,1,1,3,0,0,1,0,0,3,5,5,5,5,5,0.66126192,1.435441,5
28784,2,3,0,1,3,0,0,1,1,0,5,4,3,5,5,5,0.16793244,1.435441,5
28784,3,0,1,1,3,1,1,0,0,0,5,5,3,3,5,5,0.58933425,0.15651757,5
28784,1,10,1,1,3,0,0,1,0,0,5,2,5,5,5,5,0.22632949,1.435441,5
31066,2,1,0,1,2,0,0,1,0,0,4,3,4,3,4,5,-0.21750557,-0.46647879,5
31066,2,0,1,1,2,1,0,0,0,0,4,2,4,3,4,4,-0.63890743,-0.46647879,4
31084,1,4,0,2,1,1,0,1,1,0,5,4,4,4,5,4,0.61853278,0.79597932,4
31084,1,0,1,2,1,1,0,0,0,0,4,3,2,4,2,3,-1.1187063,-1.0730098,3
31084,2,4,0,2,1,1,0,1,1,0,5,3,3,3,3,2,-0.25346941,-1.0894752,2
31084,2,3,0,2,1,1,0,1,1,0,4,4,4,3,4,4,0.20389625,-0.46647879,4
31084,1,1,0,2,1,0,0,1,0,0,3,3,3,3,3,3,-1.0827425,-1.0894752,3
31084,1,6,0,2,1,1,0,1,0,0,5,5,5,4,2,4,1.490535,-1.0730098,4
31084,1,16,0,2,1,1,0,1,0,0,4,4,4,2,4,2,0.20389625,-1.1059406,2
31084,2,0,1,2,1,0,0,0,0,0,4,4,4,4,4,4,0.20389625,0.17298293,4
31084,2,4,0,2,1,0,0,1,1,0,4,4,4,4,4,4,0.20389625,0.17298293,4
31084,1,0,1,2,1,0,0,0,1,0,4,2,2,4,4,3,-1.5401082,0.17298293,3
31084,1,4,0,2,1,0,0,1,0,0,4,4,4,3,4,4,0.20389625,-0.46647879,4
31084,1,0,1,2,1,1,0,0,0,0,3,3,3,4,4,4,-1.0827425,0.17298293,4
31084,1,2,0,2,1,1,0,1,0,0,4,4,2,3,3,3,-0.69730449,-1.0894752,3
31084,1,0,1,2,1,0,0,0,1,0,3,3,5,5,2,2,-0.18154176,-0.43354806,2
31084,1,4,0,2,1,1,0,1,0,0,1,4,4,4,4,4,-1.0400134,0.17298293,4
31084,1,4,0,2,1,0,0,1,0,0,4,4,4,4,4,4,0.20389625,0.17298293,4
31084,1,12,0,2,1,0,0,1,0,0,5,4,4,4,4,4,0.61853278,0.17298293,4
31084,1,0,1,2,1,1,0,0,0,0,3,5,3,3,3,3,-0.23993881,-1.0894752,3
31084,2,0,1,2,1,1,0,0,1,0,1,1,4,4,1,1,-2.304219,-1.6960062,1
32424,3,7,0,1,3,0,1,1,1,1,5,5,5,5,5,5,1.490535,1.435441,5
32424,3,0,0,1,3,0,1,0,0,0,5,4,4,5,5,4,0.61853278,1.435441,4
32424,3,7,0,1,3,0,1,1,0,0,4,5,4,4,4,3,0.62529808,0.17298293,3
32424,3,0,0,1,3,0,1,0,1,1,3,4,3,4,4,4,-0.66134065,0.17298293,4
32424,2,0,0,1,3,1,0,0,0,0,4,5,4,3,4,3,0.62529808,-0.46647879,3
32424,3,0,0,1,3,0,1,0,1,1,4,4,4,4,5,4,0.20389625,0.79597932,4
32424,3,0,0,1,3,0,1,0,0,0,5,5,4,4,5,5,1.0399346,0.79597932,5
32424,3,7,0,1,3,0,1,1,1,1,4,4,4,4,4,4,0.20389625,0.17298293,4
32424,3,10,0,1,3,0,1,1,0,0,5,4,5,4,4,4,1.0691332,0.17298293,4
32424,3,8,0,1,3,0,1,1,1,1,4,4,3,4,4,3,-0.24670412,0.17298293,3
32424,3,4,0,1,3,0,1,1,1,1,4,4,4,4,4,4,0.20389625,0.17298293,4
32424,3,0,0,1,3,1,1,0,0,0,3,4,3,3,4,3,-0.66134065,-0.46647879,3
32424,3,0,0,1,3,1,1,0,1,1,4,5,5,3,4,3,1.0758985,-0.46647879,3
32424,3,0,0,1,3,0,1,0,0,0,3,4,3,4,3,4,-0.66134065,-0.45001343,4
32424,3,0,0,1,3,0,1,0,1,1,5,5,5,5,5,5,1.490535,1.435441,5
32424,3,0,0,1,3,0,1,0,1,1,4,4,4,4,4,4,0.20389625,0.17298293,4
32424,3,0,0,1,3,0,1,0,1,1,4,3,4,5,4,4,-0.21750557,0.81244469,4
32424,3,10,0,1,3,1,1,1,0,0,5,4,3,3,3,5,0.16793244,-1.0894752,5
32424,3,3,0,1,3,1,1,1,0,0,4,4,3,4,3,4,-0.24670412,-0.45001343,4
32424,3,0,0,1,3,0,1,0,1,1,5,4,4,4,4,4,0.61853278,0.17298293,4
32424,3,0,0,1,3,0,1,0,1,1,4,4,4,3,5,4,0.20389625,0.15651757,4
32424,3,3,0,1,3,0,1,1,1,1,3,4,4,3,3,3,-0.21074028,-1.0894752,3
32424,3,7,0,1,3,0,1,1,1,1,3,4,3,4,4,4,-0.66134065,0.17298293,4
32424,3,0,0,1,3,1,1,0,0,0,5,4,3,3,4,4,0.16793244,-0.46647879,4
32424,3,0,0,1,3,1,1,0,1,1,4,5,4,4,5,4,0.62529808,0.79597932,4
32424,3,0,0,1,3,1,1,0,0,0,5,4,4,5,4,4,0.61853278,0.81244469,4
32424,3,0,0,1,3,0,1,0,0,0,3,3,4,3,3,3,-0.63214213,-1.0894752,3
32424,3,0,0,1,3,0,1,0,0,0,5,4,5,4,3,4,1.0691332,-0.45001343,4
32424,3,0,0,1,3,0,1,0,0,0,4,5,4,4,3,4,0.62529808,-0.45001343,4
32424,3,7,0,1,3,0,1,1,1,1,4,4,4,3,4,4,0.20389625,-0.46647879,4
32424,3,3,0,1,3,1,1,1,0,0,4,4,3,4,4,3,-0.24670412,0.17298293,3
32424,3,14,0,1,3,0,1,1,0,0,4,3,4,3,4,4,-0.21750557,-0.46647879,4
32424,2,3,0,1,3,1,0,1,0,0,5,5,5,4,4,5,1.490535,0.17298293,5
32424,3,0,0,1,3,0,1,0,0,0,4,5,3,4,3,3,0.17469773,-0.45001343,3
32424,3,0,0,1,3,0,1,0,0,0,5,5,4,4,5,4,1.0399346,0.79597932,4
32428,3,0,0,2,3,0,1,0,1,1,4,4,4,4,4,4,0.20389625,0.17298293,4
32428,3,8,0,2,3,0,1,1,0,0,1,1,1,1,1,1,-3.6560199,-3.6143913,1
32428,3,4,0,2,3,0,1,1,1,1,3,3,1,1,2,1,-1.9839432,-2.991395,1
32428,3,0,0,2,3,0,1,0,0,0,4,4,5,4,4,4,0.65449661,0.17298293,4
32473,1,7,1,2,1,0,0,1,0,0,5,5,5,5,5,5,1.490535,1.435441,5
32473,1,1,1,2,1,0,0,1,0,0,3,2,4,3,4,3,-1.0535439,-0.46647879,3
32473,1,0,0,2,1,1,0,0,1,0,4,4,5,5,5,4,0.65449661,1.435441,4
32473,1,3,1,2,1,0,0,1,0,0,4,4,4,3,4,3,0.20389625,-0.46647879,3
32473,1,3,1,2,1,0,0,1,1,0,4,4,5,4,2,5,0.65449661,-1.0730098,5
32473,1,0,1,2,1,1,0,0,0,0,4,4,5,3,3,4,0.65449661,-1.0894752,4
32473,1,3,1,2,1,0,0,1,1,0,4,1,2,2,5,2,-1.9615101,-0.48294419,2
32473,1,3,1,2,1,1,0,1,1,0,2,3,2,4,4,3,-1.9479795,0.17298293,3
32473,3,4,1,2,1,0,1,1,0,0,5,5,5,5,5,5,1.490535,1.435441,5
32473,1,3,1,2,1,0,0,1,0,0,5,5,5,5,3,5,1.490535,0.18944831,5
32473,1,0,1,2,1,0,0,0,0,0,5,5,5,5,4,3,1.490535,0.81244469,3
32473,1,0,1,2,1,1,0,0,0,0,3,3,5,5,3,3,-0.18154176,0.18944831,3
32473,1,7,1,2,1,0,0,1,0,0,3,4,4,5,3,4,-0.21074028,0.18944831,4
32473,1,0,1,2,1,0,0,0,0,0,5,2,5,5,5,4,0.22632949,1.435441,4
32473,1,7,1,2,1,0,0,1,1,0,4,2,5,4,3,3,-0.18830705,-0.45001343,3
32473,1,1,1,2,1,0,0,1,0,0,4,3,4,4,4,3,-0.21750557,0.17298293,3
32473,1,7,1,2,1,0,0,1,0,0,4,5,5,5,5,4,1.0758985,1.435441,4
32473,1,0,0,2,1,0,0,0,1,0,5,5,5,5,5,5,1.490535,1.435441,5
32473,1,11,1,2,1,0,0,1,0,0,3,3,5,4,3,3,-0.18154176,-0.45001343,3
32473,1,3,1,2,1,0,0,1,1,0,3,2,3,4,2,3,-1.5041443,-1.0730098,3
32473,1,10,1,2,1,0,0,1,1,0,3,4,5,5,4,4,0.23986009,0.81244469,4
32473,1,0,0,2,1,0,0,0,0,0,5,3,4,3,3,3,0.19713096,-1.0894752,3
32473,1,0,0,2,1,0,0,0,0,0,5,3,5,3,4,5,0.64773136,-0.46647879,5
32473,1,0,1,2,1,0,0,0,1,0,3,4,4,5,5,5,-0.21074028,1.435441,5
32730,1,2,1,1,1,0,0,1,1,0,5,4,5,4,4,3,1.0691332,0.17298293,3
32730,1,0,1,1,1,0,0,0,1,0,5,5,5,5,5,4,1.490535,1.435441,4
32730,1,10,1,1,1,0,0,1,0,0,5,4,5,5,5,3,1.0691332,1.435441,3
32730,1,0,1,1,1,1,0,0,0,0,5,5,5,5,5,4,1.490535,1.435441,4
32730,1,4,1,1,1,0,0,1,0,0,5,5,5,5,5,5,1.490535,1.435441,5
32730,1,3,1,1,1,0,0,1,0,0,5,4,4,5,5,3,0.61853278,1.435441,3
32730,1,4,1,1,1,0,0,1,1,0,5,3,5,5,5,3,0.64773136,1.435441,3
32730,1,0,1,1,1,0,0,0,1,0,5,5,5,5,5,3,1.490535,1.435441,3
32843,2,4,0,2,3,0,0,1,0,0,4,4,4,4,4,4,0.20389625,0.17298293,4
32843,2,7,0,2,3,0,0,1,0,0,4,2,2,4,4,2,-1.5401082,0.17298293,2
32843,2,7,0,2,3,0,0,1,1,0,4,4,4,4,4,4,0.20389625,0.17298293,4
32843,2,4,0,2,3,0,0,1,1,0,4,3,4,4,4,4,-0.21750557,0.17298293,4
32843,2,3,0,2,3,1,0,1,0,0,4,2,4,4,4,4,-0.63890743,0.17298293,4
32843,3,4,0,2,3,0,1,1,0,0,3,4,4,4,4,3,-0.21074028,0.17298293,3
32843,2,15,0,2,3,0,0,1,1,0,4,5,4,4,4,4,0.62529808,0.17298293,4
32843,3,8,0,2,3,1,1,1,1,1,1,1,1,1,1,1,-3.6560199,-3.6143913,1
32843,2,3,0,2,3,1,0,1,0,0,4,2,4,3,4,2,-0.63890743,-0.46647879,2
32843,3,0,0,2,3,0,1,0,0,0,4,4,4,4,4,3,0.20389625,0.17298293,3
32843,2,7,0,2,3,0,0,1,0,0,3,4,4,4,4,4,-0.21074028,0.17298293,4
32843,3,0,0,2,3,1,1,0,1,1,4,4,4,4,4,4,0.20389625,0.17298293,4
32843,2,7,0,2,3,0,0,1,1,0,3,4,4,2,4,4,-0.21074028,-1.1059406,4
32959,2,0,0,1,2,0,0,0,0,0,2,2,4,3,2,3,-1.4681805,-1.7124715,3
32959,2,0,0,1,2,0,0,0,1,0,3,2,4,3,1,3,-1.0535439,-2.3354678,3
32959,2,0,0,1,2,0,0,0,1,0,4,2,4,4,3,4,-0.63890743,-0.45001343,4
32959,2,0,0,1,2,1,0,0,0,0,3,4,3,4,3,4,-0.66134065,-0.45001343,4
32959,2,0,0,1,2,0,0,0,1,0,3,2,4,4,2,2,-1.0535439,-1.0730098,2
32959,2,4,0,1,2,0,0,1,1,0,5,3,4,3,4,3,0.19713096,-0.46647879,3
32959,2,3,0,1,2,0,0,1,1,0,3,3,3,3,3,3,-1.0827425,-1.0894752,3
32959,2,4,0,1,2,0,0,1,0,0,4,3,5,4,3,3,0.2330948,-0.45001343,3
32959,2,0,0,1,2,0,0,0,0,0,4,4,3,4,3,3,-0.24670412,-0.45001343,3
32959,2,15,0,1,2,0,0,1,0,0,3,3,3,3,3,3,-1.0827425,-1.0894752,3
33244,3,0,1,1,3,0,1,0,1,1,4,3,4,3,4,3,-0.21750557,-0.46647879,3
33244,3,0,1,1,3,0,1,0,0,0,1,1,4,3,1,3,-2.304219,-2.3354678,3
33344,3,3,0,1,3,0,1,1,0,0,4,4,4,4,4,3,0.20389625,0.17298293,3
33344,3,0,0,1,3,0,1,0,0,0,4,4,4,5,5,5,0.20389625,1.435441,5
33344,3,4,0,1,3,0,1,1,0,0,4,5,4,5,4,4,0.62529808,0.81244469,4
33344,3,8,0,1,3,0,1,1,0,0,4,4,5,4,4,5,0.65449661,0.17298293,5
33344,3,8,0,1,3,0,1,1,1,1,4,5,5,5,4,4,1.0758985,0.81244469,4
33344,3,6,0,1,3,0,1,1,1,1,4,4,3,4,5,4,-0.24670412,0.79597932,4
33344,3,3,0,1,3,0,1,1,1,1,4,3,4,3,4,4,-0.21750557,-0.46647879,4
33344,3,3,0,1,3,0,1,1,1,1,5,5,4,4,4,5,1.0399346,0.17298293,5
33344,3,4,0,1,3,0,1,1,0,0,4,4,4,3,4,5,0.20389625,-0.46647879,5
33344,3,1,0,1,3,0,1,1,0,0,4,4,4,4,4,4,0.20389625,0.17298293,4
33344,3,3,0,1,3,1,1,1,1,1,3,3,3,3,3,3,-1.0827425,-1.0894752,3
33344,3,0,0,1,3,1,1,0,0,0,3,3,4,4,5,4,-0.63214213,0.79597932,4
33344,3,0,0,1,3,0,1,0,0,0,4,5,5,5,4,4,1.0758985,0.81244469,4
33344,3,0,0,1,3,0,1,0,0,0,3,3,3,3,3,3,-1.0827425,-1.0894752,3
33344,3,0,1,1,3,0,1,0,1,1,5,5,5,4,5,5,1.490535,0.79597932,5
33344,1,2,0,1,3,0,0,1,0,0,4,4,4,4,4,4,0.20389625,0.17298293,4
33344,3,4,0,1,3,0,1,1,1,1,5,5,5,5,5,5,1.490535,1.435441,5
33344,3,7,0,1,3,0,1,1,1,1,4,5,4,3,4,4,0.62529808,-0.46647879,4
33344,3,0,0,1,3,0,1,0,1,1,4,4,3,4,3,4,-0.24670412,-0.45001343,4
33344,3,7,0,1,3,0,1,1,0,0,5,5,3,3,4,4,0.58933425,-0.46647879,4
33344,3,3,0,1,3,1,1,1,1,1,4,5,5,5,5,5,1.0758985,1.435441,5
33344,3,0,0,1,3,0,1,0,0,0,4,4,4,4,4,4,0.20389625,0.17298293,4
33344,3,8,0,1,3,0,1,1,0,0,4,4,5,5,4,5,0.65449661,0.81244469,5
33344,3,0,1,1,3,0,1,0,1,1,5,5,5,5,5,5,1.490535,1.435441,5
33344,3,1,0,1,3,0,1,1,1,1,2,1,3,3,3,5,-2.3401828,-1.0894752,5
33344,3,3,0,1,3,0,1,1,1,1,4,5,4,3,4,4,0.62529808,-0.46647879,4
33344,3,3,0,1,3,0,1,1,0,0,3,4,3,3,3,4,-0.66134065,-1.0894752,4
33344,3,2,0,1,3,0,1,1,1,1,4,4,4,3,5,4,0.20389625,0.15651757,4
33344,3,0,0,1,3,1,1,0,1,1,5,3,4,4,4,3,0.19713096,0.17298293,3
33344,3,0,1,1,3,0,1,0,0,0,4,2,4,4,5,5,-0.63890743,0.79597932,5
33344,3,3,0,1,3,0,1,1,1,1,5,5,5,5,5,5,1.490535,1.435441,5
33344,3,1,0,1,3,1,1,1,1,1,4,4,4,4,4,4,0.20389625,0.17298293,4
33344,3,0,0,1,3,0,1,0,1,1,3,4,4,4,4,4,-0.21074028,0.17298293,4
33344,3,0,1,1,3,1,1,0,0,0,4,4,3,3,4,4,-0.24670412,-0.46647879,4
33344,3,0,0,1,3,0,1,0,1,1,4,5,4,4,4,4,0.62529808,0.17298293,4
33344,3,0,0,1,3,1,1,0,1,1,5,4,3,4,4,3,0.16793244,0.17298293,3
33344,3,0,0,1,3,1,1,0,1,1,4,4,3,4,3,3,-0.24670412,-0.45001343,3
33344,3,4,0,1,3,0,1,1,1,1,3,4,4,4,4,4,-0.21074028,0.17298293,4
33344,3,0,0,1,3,1,1,0,0,0,4,4,5,4,4,4,0.65449661,0.17298293,4
33344,3,5,0,1,3,0,1,1,0,0,4,4,4,4,4,4,0.20389625,0.17298293,4
33344,3,3,0,1,3,1,1,1,1,1,5,5,5,5,5,5,1.490535,1.435441,5
33344,3,0,0,1,3,1,1,0,0,0,5,5,4,3,4,4,1.0399346,-0.46647879,4
33344,3,1,0,1,3,0,1,1,0,0,4,4,4,4,5,4,0.20389625,0.79597932,4
33344,3,0,1,1,3,0,1,0,0,0,4,2,2,2,3,4,-1.5401082,-1.7289369,4
33344,3,1,0,1,3,0,1,1,0,0,4,5,5,5,4,4,1.0758985,0.81244469,4
33344,1,0,0,1,3,0,0,0,0,0,4,3,3,4,4,4,-0.66810596,0.17298293,4
33344,3,3,0,1,3,0,1,1,1,1,4,3,3,4,5,4,-0.66810596,0.79597932,4
33344,3,3,0,1,3,0,1,1,0,0,5,5,5,5,5,5,1.490535,1.435441,5
33344,3,0,0,1,3,0,1,0,1,1,4,3,4,3,4,4,-0.21750557,-0.46647879,4
33344,3,1,0,1,3,1,1,1,0,0,4,2,4,3,3,2,-0.63890743,-1.0894752,2
33344,3,3,0,1,3,0,1,1,0,0,5,4,3,3,3,4,0.16793244,-1.0894752,4
33344,3,8,0,1,3,0,1,1,0,0,5,4,4,4,4,4,0.61853278,0.17298293,4
33344,3,0,0,1,3,1,1,0,1,1,4,4,4,3,4,4,0.20389625,-0.46647879,4
33344,3,4,0,1,3,0,1,1,1,1,5,4,4,3,4,4,0.61853278,-0.46647879,4
33344,3,0,0,1,3,0,1,0,1,1,4,5,4,5,4,4,0.62529808,0.81244469,4
33344,3,0,0,1,3,0,1,0,0,0,4,4,4,4,4,4,0.20389625,0.17298293,4
33344,3,3,0,1,3,0,1,1,0,0,5,5,5,5,4,4,1.490535,0.81244469,4
33344,3,4,0,1,3,0,1,1,1,1,4,3,3,4,3,4,-0.66810596,-0.45001343,4
33344,3,16,0,1,3,0,1,1,0,0,5,5,4,4,4,5,1.0399346,0.17298293,5
33344,3,0,0,1,3,0,1,0,0,0,3,4,3,4,3,3,-0.66134065,-0.45001343,3
33344,3,0,0,1,3,0,1,0,0,0,3,3,4,3,4,4,-0.63214213,-0.46647879,4
33344,3,0,1,1,3,1,1,0,1,1,4,4,5,5,4,3,0.65449661,0.81244469,3
33344,3,3,0,1,3,1,1,1,0,0,4,2,3,4,4,3,-1.0895078,0.17298293,3
33344,3,7,0,1,3,1,1,1,0,0,3,3,4,4,4,4,-0.63214213,0.17298293,4
33344,3,0,0,1,3,0,1,0,0,0,4,4,5,5,2,3,0.65449661,-0.43354806,3
33344,3,0,0,1,3,0,1,0,1,1,4,4,4,3,4,4,0.20389625,-0.46647879,4
33344,2,8,0,1,3,0,0,1,1,0,4,5,4,5,5,4,0.62529808,1.435441,4
33348,1,3,1,1,1,1,0,1,0,0,5,5,5,4,5,4,1.490535,0.79597932,4
33348,3,4,1,1,1,0,1,1,0,0,1,2,3,4,5,4,-2.3334174,0.79597932,4
33348,3,9,1,1,1,0,1,1,0,0,5,5,5,5,5,4,1.490535,1.435441,4
33348,1,0,0,1,1,0,0,0,1,0,4,3,5,4,5,4,0.2330948,0.79597932,4
33348,1,0,1,1,1,0,0,0,1,0,4,2,5,4,4,3,-0.18830705,0.17298293,3
33348,1,25,1,1,1,0,0,1,1,0,3,3,4,4,4,4,-0.63214213,0.17298293,4
33348,1,0,1,1,1,0,0,0,0,0,4,3,5,4,5,3,0.2330948,0.79597932,3
33348,1,0,0,1,1,0,0,0,0,0,5,3,5,5,5,3,0.64773136,1.435441,3
33348,1,3,1,1,1,0,0,1,1,0,3,5,4,5,4,4,0.21066156,0.81244469,4
33348,1,3,1,1,1,0,0,1,1,0,4,4,4,4,4,4,0.20389625,0.17298293,4
33348,1,0,1,1,1,0,0,0,1,0,4,3,5,3,4,4,0.2330948,-0.46647879,4
33348,1,3,1,1,1,0,0,1,0,0,5,4,4,4,5,4,0.61853278,0.79597932,4
33348,1,8,1,1,1,0,0,1,0,0,5,4,4,4,4,4,0.61853278,0.17298293,4
33348,1,0,0,1,1,0,0,0,0,0,4,4,4,5,4,3,0.20389625,0.81244469,3
33348,1,0,0,1,1,0,0,0,0,0,4,3,4,4,5,5,-0.21750557,0.79597932,5
33348,1,7,1,1,1,0,0,1,1,0,4,4,4,4,4,4,0.20389625,0.17298293,4
33348,1,3,1,1,1,0,0,1,0,0,1,3,1,3,2,2,-2.8132164,-1.7124715,2
33348,1,4,1,1,1,0,0,1,0,0,5,3,5,5,5,3,0.64773136,1.435441,3
33348,1,7,1,1,1,0,0,1,0,0,1,1,1,1,1,1,-3.6560199,-3.6143913,1
33348,1,5,1,1,1,0,0,1,1,0,5,3,5,4,5,3,0.64773136,0.79597932,3
33348,1,3,1,1,1,0,0,1,1,0,1,2,1,1,1,1,-3.2346182,-3.6143913,1
33348,1,0,1,1,1,0,0,0,0,0,4,3,5,5,5,3,0.2330948,1.435441,3
33348,1,0,1,1,1,1,0,0,0,0,4,4,5,4,5,3,0.65449661,0.79597932,3
33348,1,0,1,1,1,1,0,0,1,0,4,3,5,4,5,4,0.2330948,0.79597932,4
33348,1,0,0,1,1,0,0,0,0,0,5,3,4,4,5,3,0.19713096,0.79597932,3
33348,1,20,1,1,1,0,0,1,0,0,5,4,4,4,4,4,0.61853278,0.17298293,4
33348,1,0,0,1,1,1,0,0,1,0,4,4,5,5,4,4,0.65449661,0.81244469,4
33348,1,0,0,1,1,1,0,0,0,0,4,4,4,4,4,3,0.20389625,0.17298293,3
33400,1,0,1,2,1,0,0,0,1,0,4,4,4,4,4,4,0.20389625,0.17298293,4
33400,1,0,1,2,1,1,0,0,0,0,3,3,3,3,3,3,-1.0827425,-1.0894752,3
33400,1,3,1,2,1,1,0,1,0,0,3,4,4,4,3,4,-0.21074028,-0.45001343,4
33400,1,2,1,2,1,1,0,1,1,0,3,3,3,3,3,3,-1.0827425,-1.0894752,3
33400,1,3,1,2,1,0,0,1,0,0,3,3,3,3,3,3,-1.0827425,-1.0894752,3
33400,1,0,1,2,1,1,0,0,1,0,5,4,5,4,5,4,1.0691332,0.79597932,4
33400,1,0,1,2,1,0,0,0,1,0,4,4,4,4,4,4,0.20389625,0.17298293,4
33400,3,12,0,2,1,0,1,1,0,0,5,4,5,5,3,5,1.0691332,0.18944831,5
33400,1,0,1,2,1,0,0,0,1,0,4,4,4,4,4,4,0.20389625,0.17298293,4
33400,1,0,1,2,1,1,0,0,0,0,3,3,3,3,3,3,-1.0827425,-1.0894752,3
33400,1,5,0,2,1,0,0,1,0,0,5,2,5,4,5,5,0.22632949,0.79597932,5
33400,1,0,1,2,1,0,0,0,0,0,3,3,4,4,4,3,-0.63214213,0.17298293,3
33400,1,0,1,2,1,1,0,0,0,0,4,4,4,4,4,3,0.20389625,0.17298293,3
33400,1,0,1,2,1,0,0,0,1,0,4,4,4,4,4,4,0.20389625,0.17298293,4
33400,1,0,0,2,1,0,0,0,0,0,4,4,4,4,3,4,0.20389625,-0.45001343,4
33400,3,1,0,2,1,1,1,1,1,1,4,4,4,4,4,3,0.20389625,0.17298293,3
33400,1,0,1,2,1,0,0,0,1,0,4,4,4,4,3,4,0.20389625,-0.45001343,4
33400,1,0,1,2,1,0,0,0,1,0,4,4,4,3,3,3,0.20389625,-1.0894752,3
33400,1,3,1,2,1,0,0,1,0,0,3,3,3,3,3,1,-1.0827425,-1.0894752,1
33400,1,12,1,2,1,0,0,1,0,0,3,3,5,4,4,4,-0.18154176,0.17298293,4
33400,1,3,0,2,1,0,0,1,1,0,3,3,4,4,4,4,-0.63214213,0.17298293,4
33400,1,0,1,2,1,1,0,0,0,0,2,3,2,3,2,3,-1.9479795,-1.7124715,3
33400,1,0,1,2,1,1,0,0,1,0,3,3,3,3,3,3,-1.0827425,-1.0894752,3
33400,1,0,1,2,1,0,0,0,1,0,3,3,3,4,4,2,-1.0827425,0.17298293,2
33400,2,7,0,2,1,0,0,1,0,0,4,5,5,5,5,5,1.0758985,1.435441,5
33400,1,3,0,2,1,0,0,1,0,0,3,3,4,4,3,4,-0.63214213,-0.45001343,4
33400,1,0,1,2,1,1,0,0,0,0,3,3,3,3,3,3,-1.0827425,-1.0894752,3
33400,1,0,1,2,1,1,0,0,0,0,5,5,5,4,4,4,1.490535,0.17298293,4
33400,1,0,1,2,1,0,0,0,0,0,1,3,4,4,3,4,-1.4614152,-0.45001343,4
33400,1,0,1,2,1,0,0,0,0,0,3,3,4,4,3,3,-0.63214213,-0.45001343,3
33400,1,1,1,2,1,0,0,1,1,0,4,4,4,4,1,1,0.20389625,-1.6960062,1
33400,3,0,1,2,1,1,1,0,0,0,4,4,4,4,4,4,0.20389625,0.17298293,4
33400,1,0,1,2,1,0,0,0,0,0,3,3,4,4,3,3,-0.63214213,-0.45001343,3
33400,1,12,1,2,1,0,0,1,1,0,3,3,4,4,3,4,-0.63214213,-0.45001343,4
33400,1,12,1,2,1,0,0,1,1,0,4,4,4,4,4,4,0.20389625,0.17298293,4
33400,1,0,1,2,1,0,0,0,1,0,4,3,4,4,4,3,-0.21750557,0.17298293,3
33400,1,0,1,2,1,1,0,0,0,0,4,4,4,4,3,4,0.20389625,-0.45001343,4
33400,1,0,1,2,1,1,0,0,0,0,4,4,5,4,3,4,0.65449661,-0.45001343,4
33400,1,0,1,2,1,1,0,0,0,0,4,4,4,4,4,4,0.20389625,0.17298293,4
33400,3,0,1,2,1,0,1,0,0,0,4,3,4,4,4,4,-0.21750557,0.17298293,4
33400,2,11,0,2,1,0,0,1,0,0,4,3,4,4,4,3,-0.21750557,0.17298293,3
33400,1,0,1,2,1,0,0,0,1,0,4,4,4,4,3,4,0.20389625,-0.45001343,4
33400,1,3,0,2,1,0,0,1,1,0,3,3,4,4,4,3,-0.63214213,0.17298293,3
33400,1,0,1,2,1,1,0,0,1,0,4,4,4,3,3,4,0.20389625,-1.0894752,4
33422,3,12,0,2,3,0,1,1,1,1,4,4,4,4,4,4,0.20389625,0.17298293,4
33422,1,4,0,2,3,1,0,1,1,0,4,4,4,4,4,4,0.20389625,0.17298293,4
33422,3,5,0,2,3,1,1,1,1,1,2,4,3,4,4,3,-1.0759772,0.17298293,3
33422,2,9,0,2,3,1,0,1,1,0,3,4,4,4,4,4,-0.21074028,0.17298293,4
33422,2,1,0,2,3,1,0,1,0,0,4,4,4,4,4,4,0.20389625,0.17298293,4
33422,2,4,0,2,3,1,0,1,0,0,3,3,3,3,3,3,-1.0827425,-1.0894752,3
33422,3,12,0,2,3,0,1,1,0,0,4,4,4,5,3,4,0.20389625,0.18944831,4
33422,3,3,0,2,3,1,1,1,0,0,1,1,1,2,2,1,-3.6560199,-2.3519332,1
33434,1,0,1,2,1,1,0,0,0,0,2,4,5,5,3,4,-0.17477645,0.18944831,4
33434,1,0,1,2,1,1,0,0,0,0,3,4,4,4,4,4,-0.21074028,0.17298293,4
33434,1,3,1,2,1,0,0,1,1,0,4,2,5,5,3,1,-0.18830705,0.18944831,1
33434,1,8,1,2,1,0,0,1,0,0,4,3,5,5,4,4,0.2330948,0.81244469,4
33434,1,0,1,2,1,1,0,0,1,0,5,3,5,4,4,1,0.64773136,0.17298293,1
33434,1,0,1,2,1,0,0,0,1,0,4,3,3,3,3,2,-0.66810596,-1.0894752,2
33434,1,0,1,2,1,1,0,0,0,0,3,3,4,1,4,3,-0.63214213,-1.7454023,3
33434,1,0,1,2,1,1,0,0,1,0,1,4,5,5,3,3,-0.58941299,0.18944831,3
33434,1,0,1,2,1,0,0,0,0,0,3,5,5,1,5,1,0.66126192,-1.1224059,1
33434,1,0,1,2,1,0,0,0,1,0,3,3,3,3,3,3,-1.0827425,-1.0894752,3
33434,1,0,1,2,1,0,0,0,1,0,5,5,5,5,3,5,1.490535,0.18944831,5
33434,1,0,1,2,1,1,0,0,0,0,4,3,5,5,5,3,0.2330948,1.435441,3
33434,1,0,1,2,1,0,0,0,0,0,2,4,2,3,3,4,-1.5265776,-1.0894752,4
33434,1,0,1,2,1,0,0,0,0,0,5,3,5,5,5,3,0.64773136,1.435441,3
33434,1,0,1,2,1,0,0,0,1,0,4,2,4,4,3,3,-0.63890743,-0.45001343,3
33434,1,0,1,2,1,0,0,0,0,0,4,4,4,4,4,4,0.20389625,0.17298293,4
33957,1,7,1,2,1,0,0,1,1,0,5,4,4,4,3,4,0.61853278,-0.45001343,4
33957,1,0,0,2,1,0,0,0,1,0,3,3,4,3,4,3,-0.63214213,-0.46647879,3
33957,1,7,1,2,1,0,0,1,0,0,3,3,3,3,3,3,-1.0827425,-1.0894752,3
33957,1,0,0,2,1,1,0,0,0,0,1,3,5,5,5,5,-1.0108148,1.435441,5
33957,3,11,1,2,1,1,1,1,0,0,1,1,1,1,3,1,-3.6560199,-2.3683987,1
34109,3,0,0,1,3,0,1,0,0,0,3,3,3,3,3,3,-1.0827425,-1.0894752,3
34109,3,3,0,1,3,1,1,1,0,0,4,4,5,4,4,4,0.65449661,0.17298293,4
34109,3,3,0,1,3,0,1,1,1,1,5,4,5,4,4,4,1.0691332,0.17298293,4
34109,3,7,0,1,3,0,1,1,0,0,5,4,5,4,4,4,1.0691332,0.17298293,4
34109,3,3,0,1,3,0,1,1,1,1,5,4,5,5,5,4,1.0691332,1.435441,4
34109,3,8,0,1,3,0,1,1,1,1,5,4,5,5,5,4,1.0691332,1.435441,4
34109,3,3,0,1,3,0,1,1,0,0,4,4,4,5,5,4,0.20389625,1.435441,4
34109,3,3,0,1,3,0,1,1,1,1,1,5,5,3,5,2,-0.16801116,0.15651757,2
34109,3,16,0,1,3,0,1,1,0,0,5,5,5,4,5,5,1.490535,0.79597932,5
34109,3,0,0,1,3,0,1,0,0,0,5,4,5,5,4,5,1.0691332,0.81244469,5
34109,3,0,0,1,3,0,1,0,1,1,5,4,5,4,5,4,1.0691332,0.79597932,4
34109,3,3,0,1,3,0,1,1,1,1,5,3,5,5,4,4,0.64773136,0.81244469,4
34109,3,0,0,1,3,1,1,0,0,0,4,3,4,4,4,4,-0.21750557,0.17298293,4
34109,3,0,0,1,3,0,1,0,0,0,3,3,3,3,3,3,-1.0827425,-1.0894752,3
34109,3,0,0,1,3,0,1,0,1,1,5,4,5,5,4,4,1.0691332,0.81244469,4
34109,3,0,0,1,3,0,1,0,0,0,3,4,3,4,4,3,-0.66134065,0.17298293,3
34109,3,3,0,1,3,0,1,1,0,0,5,4,5,5,5,4,1.0691332,1.435441,4
34109,3,0,0,1,3,1,1,0,1,1,3,3,3,3,3,2,-1.0827425,-1.0894752,2
34109,3,4,0,1,3,0,1,1,0,0,5,4,5,4,5,4,1.0691332,0.79597932,4
34109,3,4,0,1,3,0,1,1,1,1,5,4,5,4,5,5,1.0691332,0.79597932,5
34109,3,2,0,1,3,0,1,1,0,0,5,4,5,4,4,4,1.0691332,0.17298293,4
34109,3,0,0,1,3,0,1,0,1,1,5,4,5,5,4,4,1.0691332,0.81244469,4
34109,3,0,0,1,3,0,1,0,1,1,5,4,5,4,4,4,1.0691332,0.17298293,4
34109,3,7,0,1,3,1,1,1,0,0,5,3,3,3,4,4,-0.25346941,-0.46647879,4
34109,3,0,0,1,3,0,1,0,0,0,5,4,5,4,4,4,1.0691332,0.17298293,4
34109,3,0,0,1,3,1,1,0,1,1,4,4,5,4,5,4,0.65449661,0.79597932,4
34109,3,0,0,1,3,0,1,0,0,0,5,4,5,5,5,4,1.0691332,1.435441,4
34109,3,0,0,1,3,0,1,0,1,1,5,4,5,5,4,5,1.0691332,0.81244469,5
34206,2,12,0,2,2,0,0,1,0,0,4,4,4,4,4,3,0.20389625,0.17298293,3
34206,2,0,0,2,2,0,0,0,0,0,3,1,3,3,2,2,-1.9255462,-1.7124715,2
34206,2,7,0,2,2,0,0,1,1,0,2,3,4,4,4,4,-1.0467787,0.17298293,4
34206,2,8,0,2,2,0,0,1,1,0,1,1,1,5,1,3,-3.6560199,-1.0565444,3
34206,2,3,0,2,2,0,0,1,0,0,5,4,5,5,5,5,1.0691332,1.435441,5
34206,2,3,0,2,2,0,0,1,0,0,5,3,3,3,3,3,-0.25346941,-1.0894752,3
34206,2,0,1,2,2,1,0,0,0,0,5,3,3,4,5,5,-0.25346941,0.79597932,5
34206,2,25,0,2,2,1,0,1,0,0,5,5,5,5,5,5,1.490535,1.435441,5
34206,2,4,0,2,2,0,0,1,1,0,4,2,3,3,3,3,-1.0895078,-1.0894752,3
34206,2,4,0,2,2,0,0,1,0,0,3,4,4,4,4,3,-0.21074028,0.17298293,3
34206,2,10,0,2,2,1,0,1,0,0,5,4,4,4,3,4,0.61853278,-0.45001343,4
34206,2,4,0,2,2,0,0,1,1,0,1,3,3,3,3,3,-1.9120156,-1.0894752,3
34206,2,4,0,2,2,0,0,1,1,0,5,1,3,4,3,3,-1.0962731,-0.45001343,3
34206,2,3,0,2,2,1,0,1,0,0,4,4,4,4,4,4,0.20389625,0.17298293,4
34206,2,3,0,2,2,1,0,1,1,0,5,1,5,5,3,3,-0.19507234,0.18944831,3
34206,2,4,0,2,2,1,0,1,1,0,4,3,4,4,3,4,-0.21750557,-0.45001343,4
34206,2,0,0,2,2,0,0,0,1,0,4,4,4,4,4,4,0.20389625,0.17298293,4
34206,2,4,0,2,2,1,0,1,0,0,5,3,5,5,5,5,0.64773136,1.435441,5
34206,2,4,0,2,2,1,0,1,0,0,3,3,3,3,3,3,-1.0827425,-1.0894752,3
34206,2,0,0,2,2,1,0,0,0,0,3,3,4,4,3,4,-0.63214213,-0.45001343,4
34206,2,0,0,2,2,0,0,0,1,0,5,3,3,3,3,4,-0.25346941,-1.0894752,4
34206,2,0,1,2,2,1,0,0,0,0,4,4,4,4,4,4,0.20389625,0.17298293,4
34206,2,4,0,2,2,0,0,1,1,0,5,3,4,4,5,4,0.19713096,0.79597932,4
34206,2,0,1,2,2,0,0,0,0,0,3,2,3,2,1,1,-1.5041443,-2.9749296,1
34206,2,20,0,2,2,0,0,1,1,0,4,4,3,4,4,4,-0.24670412,0.17298293,4
34206,2,7,0,2,2,0,0,1,0,0,5,2,5,5,5,5,0.22632949,1.435441,5
34206,2,8,0,2,2,1,0,1,1,0,4,4,4,5,4,4,0.20389625,0.81244469,4
34206,3,0,0,2,2,0,1,0,0,0,5,3,4,4,5,4,0.19713096,0.79597932,4
34206,2,0,1,2,2,1,0,0,1,0,3,3,5,4,4,5,-0.18154176,0.17298293,5
34206,3,0,0,2,2,1,1,0,0,0,5,2,4,4,4,4,-0.22427088,0.17298293,4
34206,2,0,1,2,2,0,0,0,1,0,5,5,5,5,2,3,1.490535,-0.43354806,3
34206,2,4,0,2,2,0,0,1,0,0,2,3,3,3,3,4,-1.4973791,-1.0894752,4
34206,2,0,1,2,2,1,0,0,0,0,2,2,2,2,2,2,-2.3693812,-2.3519332,2
34206,2,4,0,2,2,0,0,1,0,0,3,3,3,3,3,3,-1.0827425,-1.0894752,3
34206,2,0,1,2,2,0,0,0,1,0,3,3,4,4,4,4,-0.63214213,0.17298293,4
34206,2,2,0,2,2,0,0,1,1,0,1,1,1,1,1,1,-3.6560199,-3.6143913,1
34206,2,3,0,2,2,0,0,1,1,0,2,3,3,2,3,4,-1.4973791,-1.7289369,4
34206,2,4,0,2,2,0,0,1,0,0,5,4,5,5,5,5,1.0691332,1.435441,5
34206,3,0,0,2,2,1,1,0,1,1,5,5,5,5,5,5,1.490535,1.435441,5
34206,2,0,0,2,2,1,0,0,0,0,4,4,4,4,4,4,0.20389625,0.17298293,4
34206,2,7,0,2,2,0,0,1,0,0,3,4,5,5,5,5,0.23986009,1.435441,5
34277,3,4,0,2,3,0,1,1,1,1,4,3,4,3,3,3,-0.21750557,-1.0894752,3
34277,3,0,0,2,3,1,1,0,1,1,4,4,4,4,2,4,0.20389625,-1.0730098,4
34277,3,4,0,2,3,0,1,1,0,0,2,3,4,4,2,1,-1.0467787,-1.0730098,1
34277,3,0,0,2,3,0,1,0,0,0,4,3,4,4,4,3,-0.21750557,0.17298293,3
34277,3,0,1,2,3,0,1,0,0,0,3,2,3,4,3,4,-1.5041443,-0.45001343,4
34277,3,0,0,2,3,0,1,0,0,0,4,2,3,3,3,3,-1.0895078,-1.0894752,3
34277,3,0,0,2,3,1,1,0,0,0,4,4,4,4,4,4,0.20389625,0.17298293,4
34277,3,12,0,2,3,0,1,1,0,0,5,5,4,5,1,2,1.0399346,-1.0565444,2
34277,3,4,0,2,3,1,1,1,0,0,1,1,1,1,1,1,-3.6560199,-3.6143913,1
34277,3,2,0,2,3,0,1,1,1,1,2,4,4,2,4,2,-0.62537682,-1.1059406,2
34277,3,0,0,2,3,0,1,0,1,1,4,4,2,3,3,4,-0.69730449,-1.0894752,4
34277,3,0,1,2,3,0,1,0,1,1,3,4,3,3,3,3,-0.66134065,-1.0894752,3
34277,3,8,0,2,3,0,1,1,0,0,2,3,2,3,3,2,-1.9479795,-1.0894752,2
34277,3,0,0,2,3,0,1,0,0,0,3,4,2,4,4,3,-1.111941,0.17298293,3
34277,3,0,1,2,3,0,1,0,0,0,3,4,4,4,4,3,-0.21074028,0.17298293,3
34277,3,3,0,2,3,1,1,1,0,0,4,4,4,4,4,4,0.20389625,0.17298293,4
34277,3,4,0,2,3,0,1,1,1,1,5,4,3,3,3,5,0.16793244,-1.0894752,5
34277,3,4,0,2,3,0,1,1,1,1,1,1,4,4,5,3,-2.304219,0.79597932,3
34277,3,0,0,2,3,0,1,0,1,1,4,4,3,2,4,3,-0.24670412,-1.1059406,3
34277,3,4,0,2,3,0,1,1,1,1,1,1,2,3,4,5,-3.2054195,-0.46647879,5
34277,3,3,0,2,3,1,1,1,1,1,4,4,4,4,4,4,0.20389625,0.17298293,4
34277,3,3,0,2,3,0,1,1,0,0,5,5,2,2,4,4,0.13873389,-1.1059406,4
34277,3,0,0,2,3,1,1,0,1,1,4,3,2,3,4,3,-1.1187063,-0.46647879,3
34277,3,0,0,2,3,0,1,0,0,0,5,3,3,4,4,3,-0.25346941,0.17298293,3
34277,3,0,0,2,3,0,1,0,1,1,3,3,3,3,3,3,-1.0827425,-1.0894752,3
34277,3,0,1,2,3,1,1,0,1,1,3,4,2,3,3,4,-1.111941,-1.0894752,4
34283,3,3,0,2,3,0,1,1,1,1,3,4,3,2,4,1,-0.66134065,-1.1059406,1
34283,3,4,0,2,3,1,1,1,1,1,2,4,4,4,4,4,-0.62537682,0.17298293,4
34283,2,0,0,2,3,0,0,0,1,0,3,4,4,4,4,4,-0.21074028,0.17298293,4
34283,3,3,0,2,3,0,1,1,0,0,2,2,2,2,4,2,-2.3693812,-1.1059406,2
34283,2,3,0,2,3,1,0,1,1,0,3,2,3,3,3,3,-1.5041443,-1.0894752,3
34283,3,10,0,2,3,0,1,1,0,0,3,2,2,2,4,4,-1.9547447,-1.1059406,4
34283,3,3,0,2,3,1,1,1,1,1,4,4,4,4,4,4,0.20389625,0.17298293,4
34283,3,7,0,2,3,1,1,1,1,1,3,3,4,4,4,2,-0.63214213,0.17298293,2
34283,3,0,0,2,3,0,1,0,0,0,4,4,4,4,4,4,0.20389625,0.17298293,4
34283,3,3,0,2,3,1,1,1,0,0,4,4,4,4,4,4,0.20389625,0.17298293,4
34283,2,3,0,2,3,0,0,1,0,0,3,4,4,4,2,4,-0.21074028,-1.0730098,4
34283,3,2,0,2,3,1,1,1,1,1,3,4,3,3,3,4,-0.66134065,-1.0894752,4
34283,2,0,0,2,3,0,0,0,1,0,3,3,3,3,3,3,-1.0827425,-1.0894752,3
34283,3,3,0,2,3,1,1,1,0,0,4,4,4,3,4,3,0.20389625,-0.46647879,3
34283,3,3,0,2,3,0,1,1,0,0,3,3,4,5,2,3,-0.63214213,-0.43354806,3
34541,3,3,0,2,3,0,1,1,0,0,5,5,5,5,5,5,1.490535,1.435441,5
34541,2,5,0,2,3,0,0,1,0,0,5,5,5,5,5,5,1.490535,1.435441,5
34541,3,4,0,2,3,0,1,1,1,1,5,5,5,5,5,5,1.490535,1.435441,5
34541,3,7,0,2,3,0,1,1,0,0,5,4,5,5,5,5,1.0691332,1.435441,5
34541,3,0,0,2,3,0,1,0,0,0,5,4,4,3,4,4,0.61853278,-0.46647879,4
34541,3,0,0,2,3,1,1,0,1,1,5,5,4,4,4,5,1.0399346,0.17298293,5
34541,3,0,0,2,3,0,1,0,0,0,5,4,4,5,4,4,0.61853278,0.81244469,4
34541,3,3,0,2,3,1,1,1,1,1,5,5,3,5,5,5,0.58933425,1.435441,5
34541,3,0,0,2,3,0,1,0,1,1,5,1,4,5,5,4,-0.64567274,1.435441,4
34541,3,3,0,2,3,0,1,1,0,0,5,4,5,4,4,5,1.0691332,0.17298293,5
34541,3,0,0,2,3,0,1,0,0,0,4,4,4,4,4,4,0.20389625,0.17298293,4
34541,3,3,0,2,3,0,1,1,0,0,5,5,5,5,5,5,1.490535,1.435441,5
34541,3,0,0,2,3,0,1,0,0,0,5,5,5,3,5,5,1.490535,0.15651757,5
34541,3,0,0,2,3,0,1,0,0,0,5,5,5,5,5,5,1.490535,1.435441,5
34541,3,3,0,2,3,0,1,1,0,0,5,5,5,5,5,5,1.490535,1.435441,5
34541,3,8,0,2,3,0,1,1,1,1,5,5,5,5,5,5,1.490535,1.435441,5
34541,3,4,0,2,3,0,1,1,0,0,4,4,4,4,4,4,0.20389625,0.17298293,4
34541,3,3,0,2,3,0,1,1,1,1,5,5,5,5,5,5,1.490535,1.435441,5
34541,3,0,0,2,3,0,1,0,1,1,4,4,4,4,4,4,0.20389625,0.17298293,4
34541,3,3,0,2,3,0,1,1,1,1,5,5,5,5,5,5,1.490535,1.435441,5
34541,3,3,0,2,3,0,1,1,1,1,5,5,5,5,5,5,1.490535,1.435441,5
34541,3,12,0,2,3,0,1,1,0,0,4,4,4,3,4,4,0.20389625,-0.46647879,4
35094,1,16,1,2,1,0,0,1,0,0,5,3,5,5,4,5,0.64773136,0.81244469,5
35094,3,6,1,2,1,0,1,1,1,1,1,1,5,5,5,5,-1.8536185,1.435441,5
35094,1,15,1,2,1,0,0,1,1,0,4,4,4,2,2,4,0.20389625,-2.3519332,4
35094,3,7,0,2,1,0,1,1,0,0,4,2,5,2,5,5,-0.18830705,-0.48294419,5
35094,1,3,1,2,1,0,0,1,0,0,3,3,3,3,3,3,-1.0827425,-1.0894752,3
35094,1,8,1,2,1,0,0,1,1,0,5,4,5,5,1,5,1.0691332,-1.0565444,5
35094,1,4,1,2,1,0,0,1,1,0,2,3,4,4,4,3,-1.0467787,0.17298293,3
35094,1,0,0,2,1,0,0,0,1,0,3,3,4,4,4,4,-0.63214213,0.17298293,4
35094,1,3,1,2,1,0,0,1,1,0,3,3,4,3,4,5,-0.63214213,-0.46647879,5
35094,1,4,1,2,1,0,0,1,1,0,1,1,5,5,1,5,-1.8536185,-1.0565444,5
35094,1,3,1,2,1,0,0,1,0,0,3,3,5,5,5,5,-0.18154176,1.435441,5
35094,1,7,1,2,1,1,0,1,0,0,3,3,5,5,1,5,-0.18154176,-1.0565444,5
35094,1,0,0,2,1,1,0,0,0,0,3,3,5,5,5,5,-0.18154176,1.435441,5
35094,1,7,1,2,1,0,0,1,0,0,2,2,2,2,4,5,-2.3693812,-1.1059406,5
35094,1,9,1,2,1,0,0,1,1,0,4,3,4,4,4,5,-0.21750557,0.17298293,5
35094,1,0,0,2,1,1,0,0,1,0,3,3,4,4,4,4,-0.63214213,0.17298293,4
35094,1,3,1,2,1,0,0,1,0,0,5,5,5,5,3,2,1.490535,0.18944831,2
35094,1,11,1,2,1,0,0,1,1,0,4,4,4,4,4,4,0.20389625,0.17298293,4
35094,1,0,0,2,1,0,0,0,1,0,4,2,4,3,4,3,-0.63890743,-0.46647879,3
35094,1,0,1,2,1,1,0,0,0,0,5,5,5,5,1,3,1.490535,-1.0565444,3
35094,1,7,1,2,1,0,0,1,1,0,3,3,5,4,4,5,-0.18154176,0.17298293,5
35094,1,0,0,2,1,1,0,0,0,0,3,3,4,4,3,5,-0.63214213,-0.45001343,5
35094,1,14,1,2,1,1,0,1,0,0,3,3,5,5,1,3,-0.18154176,-1.0565444,3
35094,1,3,1,2,1,0,0,1,0,0,5,3,3,4,4,3,-0.25346941,0.17298293,3
35094,1,7,1,2,1,0,0,1,0,0,4,4,4,4,4,4,0.20389625,0.17298293,4
35094,1,0,0,2,1,1,0,0,0,0,5,3,5,5,5,5,0.64773136,1.435441,5
35094,1,1,1,2,1,0,0,1,0,0,4,4,4,4,4,4,0.20389625,0.17298293,4
35257,3,3,0,2,3,0,1,1,0,0,5,5,5,4,5,5,1.490535,0.79597932,5
35257,3,4,0,2,3,0,1,1,1,1,2,2,4,4,3,2,-1.4681805,-0.45001343,2
35257,3,10,0,2,3,0,1,1,0,0,4,4,4,4,4,4,0.20389625,0.17298293,4
35257,3,0,0,2,3,0,1,0,0,0,5,4,5,5,5,5,1.0691332,1.435441,5
35257,3,0,0,2,3,1,1,0,0,0,5,3,3,5,5,5,-0.25346941,1.435441,5
35257,3,3,0,2,3,0,1,1,1,1,2,3,4,3,4,4,-1.0467787,-0.46647879,4
35257,3,3,0,2,3,1,1,1,1,1,5,4,4,3,2,1,0.61853278,-1.7124715,1
35257,3,0,0,2,3,1,1,0,1,1,5,3,5,5,5,5,0.64773136,1.435441,5
35257,3,0,0,2,3,1,1,0,1,1,5,3,3,4,3,3,-0.25346941,-0.45001343,3
35257,3,0,0,2,3,0,1,0,1,1,5,3,4,4,4,3,0.19713096,0.17298293,3
35257,2,3,0,2,3,0,0,1,0,0,1,2,5,5,3,3,-1.4322166,0.18944831,3
35257,2,3,0,2,3,1,0,1,1,0,4,4,4,4,3,5,0.20389625,-0.45001343,5
35257,3,3,0,2,3,0,1,1,1,1,5,4,5,5,5,5,1.0691332,1.435441,5
35257,2,7,0,2,3,1,0,1,0,0,3,3,4,4,5,4,-0.63214213,0.79597932,4
35257,3,0,0,2,3,0,1,0,0,0,5,5,5,3,5,3,1.490535,0.15651757,3
35294,1,1,1,2,1,0,0,1,1,0,1,2,3,2,2,3,-2.3334174,-2.3519332,3
35294,1,1,1,2,1,0,0,1,0,0,2,3,1,5,2,2,-2.3985798,-0.43354806,2
35294,1,4,1,2,1,0,0,1,0,0,1,3,2,4,5,1,-2.3626161,0.79597932,1
35294,1,8,1,2,1,0,0,1,1,0,3,3,3,3,3,3,-1.0827425,-1.0894752,3
35990,2,12,0,2,3,0,0,1,0,0,5,5,5,5,5,5,1.490535,1.435441,5
35990,3,18,0,2,3,0,1,1,1,1,5,5,5,5,5,5,1.490535,1.435441,5
35990,3,0,0,2,3,0,1,0,0,0,5,5,2,5,4,4,0.13873389,0.81244469,4
35990,3,12,0,2,3,0,1,1,0,0,5,5,3,4,3,4,0.58933425,-0.45001343,4
35990,2,8,0,2,3,0,0,1,0,0,5,5,5,5,5,2,1.490535,1.435441,2
35990,3,0,0,2,3,1,1,0,1,1,5,4,3,5,5,5,0.16793244,1.435441,5
35991,2,0,0,2,3,1,0,0,1,0,4,3,4,4,4,4,-0.21750557,0.17298293,4
35991,3,3,0,2,3,0,1,1,1,1,2,3,4,4,4,3,-1.0467787,0.17298293,3
35991,3,3,0,2,3,1,1,1,1,1,5,4,5,4,5,4,1.0691332,0.79597932,4
35991,3,3,0,2,3,0,1,1,1,1,4,4,4,4,2,4,0.20389625,-1.0730098,4
35991,3,3,0,2,3,0,1,1,0,0,3,3,3,3,3,3,-1.0827425,-1.0894752,3
35991,3,0,0,2,3,0,1,0,1,1,5,3,4,4,4,4,0.19713096,0.17298293,4
35991,3,3,0,2,3,0,1,1,1,1,4,2,5,5,4,4,-0.18830705,0.81244469,4
35991,3,13,0,2,3,0,1,1,1,1,4,2,4,4,3,4,-0.63890743,-0.45001343,4
35991,3,0,0,2,3,0,1,0,0,0,4,3,4,4,3,4,-0.21750557,-0.45001343,4
35991,3,3,0,2,3,0,1,1,0,0,4,2,4,4,2,4,-0.63890743,-1.0730098,4
35991,3,3,0,2,3,1,1,1,0,0,4,4,4,4,3,4,0.20389625,-0.45001343,4
35991,3,7,0,2,3,0,1,1,0,0,4,4,4,4,4,4,0.20389625,0.17298293,4
35991,3,7,0,2,3,0,1,1,0,0,4,4,4,4,2,4,0.20389625,-1.0730098,4
35991,2,3,0,2,3,1,0,1,1,0,4,4,4,4,2,4,0.20389625,-1.0730098,4
35991,2,10,0,2,3,0,0,1,1,0,3,3,3,3,3,3,-1.0827425,-1.0894752,3
35991,3,10,0,2,3,1,1,1,1,1,2,4,4,4,2,4,-0.62537682,-1.0730098,4
35991,3,0,0,2,3,1,1,0,0,0,4,3,3,5,2,4,-0.66810596,-0.43354806,4
35991,3,11,0,2,3,0,1,1,0,0,4,4,4,4,2,4,0.20389625,-1.0730098,4
36081,3,0,0,2,3,0,1,0,1,1,5,5,5,5,4,2,1.490535,0.81244469,2
36081,3,0,0,2,3,0,1,0,0,0,5,2,5,5,5,2,0.22632949,1.435441,2
36081,3,10,0,2,3,0,1,1,0,0,5,5,4,5,5,5,1.0399346,1.435441,5
36081,3,0,0,2,3,0,1,0,1,1,3,4,4,4,4,3,-0.21074028,0.17298293,3
36081,3,0,0,2,3,0,1,0,0,0,4,4,5,5,5,4,0.65449661,1.435441,4
36081,2,3,0,2,3,0,0,1,0,0,5,2,5,5,5,4,0.22632949,1.435441,4
36081,3,0,0,2,3,1,1,0,0,0,1,4,5,4,4,3,-0.58941299,0.17298293,3
36081,3,3,0,2,3,0,1,1,1,1,4,4,3,2,5,3,-0.24670412,-0.48294419,3
36081,3,0,0,2,3,1,1,0,1,1,3,4,3,4,4,4,-0.66134065,0.17298293,4
36081,3,0,0,2,3,0,1,0,0,0,4,3,2,2,4,3,-1.1187063,-1.1059406,3
36081,2,3,0,2,3,0,0,1,1,0,4,2,4,4,4,4,-0.63890743,0.17298293,4
36081,2,3,0,2,3,0,0,1,1,0,4,4,4,5,5,4,0.20389625,1.435441,4
36081,2,3,0,2,3,0,0,1,0,0,4,4,5,5,4,3,0.65449661,0.81244469,3
36081,2,5,0,2,3,0,0,1,0,0,5,4,4,4,4,4,0.61853278,0.17298293,4
36103,3,0,0,2,3,0,1,0,1,1,4,4,4,4,5,4,0.20389625,0.79597932,4
36103,3,0,0,2,3,1,1,0,0,0,4,4,3,4,4,4,-0.24670412,0.17298293,4
36103,3,3,0,2,3,0,1,1,0,0,4,4,4,4,4,4,0.20389625,0.17298293,4
36103,3,0,0,2,3,1,1,0,1,1,4,4,4,4,4,4,0.20389625,0.17298293,4
36103,3,3,0,2,3,0,1,1,1,1,5,4,4,4,4,4,0.61853278,0.17298293,4
36103,3,0,0,2,3,0,1,0,0,0,4,4,4,4,4,4,0.20389625,0.17298293,4
36103,3,3,0,2,3,0,1,1,0,0,4,5,5,5,5,5,1.0758985,1.435441,5
36103,3,0,0,2,3,0,1,0,0,0,4,4,4,4,4,4,0.20389625,0.17298293,4
36103,3,3,0,2,3,1,1,1,1,1,4,4,4,4,4,4,0.20389625,0.17298293,4
36103,3,8,0,2,3,0,1,1,0,0,4,4,4,4,4,4,0.20389625,0.17298293,4
36103,3,3,0,2,3,0,1,1,1,1,4,4,4,4,4,4,0.20389625,0.17298293,4
36103,3,3,0,2,3,1,1,1,0,0,5,4,4,4,4,4,0.61853278,0.17298293,4
36103,3,0,0,2,3,0,1,0,1,1,4,3,4,4,4,4,-0.21750557,0.17298293,4
36103,3,0,0,2,3,0,1,0,0,0,4,4,4,4,4,4,0.20389625,0.17298293,4
36108,3,7,0,1,3,0,1,1,0,0,4,4,4,4,4,4,0.20389625,0.17298293,4
36108,3,3,0,1,3,0,1,1,0,0,4,4,4,4,4,4,0.20389625,0.17298293,4
36108,3,3,0,1,3,0,1,1,1,1,4,4,4,4,4,4,0.20389625,0.17298293,4
36108,3,0,0,1,3,0,1,0,1,1,4,4,5,4,4,4,0.65449661,0.17298293,4
36108,3,3,0,1,3,0,1,1,0,0,4,4,4,4,4,4,0.20389625,0.17298293,4
36108,3,3,0,1,3,0,1,1,1,1,4,2,4,2,4,3,-0.63890743,-1.1059406,3
36108,3,0,0,1,3,1,1,0,1,1,4,2,4,3,3,3,-0.63890743,-1.0894752,3
36108,3,3,0,1,3,0,1,1,1,1,5,4,5,5,5,4,1.0691332,1.435441,4
36108,3,3,0,1,3,0,1,1,0,0,3,4,4,4,4,4,-0.21074028,0.17298293,4
36108,3,3,0,1,3,1,1,1,1,1,4,4,4,4,4,3,0.20389625,0.17298293,3
36108,3,0,0,1,3,1,1,0,0,0,4,3,4,4,3,3,-0.21750557,-0.45001343,3
36108,3,3,0,1,3,0,1,1,1,1,5,4,5,4,4,4,1.0691332,0.17298293,4
36108,3,0,0,1,3,0,1,0,0,0,5,3,3,3,3,3,-0.25346941,-1.0894752,3
36108,3,0,0,1,3,0,1,0,0,0,4,3,3,3,3,3,-0.66810596,-1.0894752,3
36108,3,3,0,1,3,0,1,1,0,0,4,4,4,4,4,4,0.20389625,0.17298293,4
36108,3,0,0,1,3,0,1,0,1,1,4,2,4,4,4,3,-0.63890743,0.17298293,3
36108,3,3,0,1,3,0,1,1,0,0,3,3,3,4,4,3,-1.0827425,0.17298293,3
36108,3,0,0,1,3,0,1,0,0,0,4,3,4,3,4,3,-0.21750557,-0.46647879,3
36175,1,12,1,2,1,0,0,1,0,0,4,4,4,4,4,4,0.20389625,0.17298293,4
36175,1,1,1,2,1,0,0,1,1,0,4,4,4,4,4,3,0.20389625,0.17298293,3
36175,1,1,1,2,1,1,0,1,1,0,4,2,4,3,4,3,-0.63890743,-0.46647879,3
36175,1,1,1,2,1,0,0,1,0,0,3,2,4,4,4,3,-1.0535439,0.17298293,3
36175,1,3,1,2,1,0,0,1,0,0,4,4,4,4,4,3,0.20389625,0.17298293,3
36175,3,12,1,2,1,0,1,1,1,1,4,4,4,4,4,4,0.20389625,0.17298293,4
36175,1,11,1,2,1,0,0,1,0,0,3,3,4,3,4,3,-0.63214213,-0.46647879,3
36175,1,1,1,2,1,1,0,1,1,0,4,3,4,4,4,3,-0.21750557,0.17298293,3
36175,1,3,1,2,1,0,0,1,0,0,4,4,4,4,4,4,0.20389625,0.17298293,4
36175,1,12,1,2,1,0,0,1,0,0,4,4,4,4,4,4,0.20389625,0.17298293,4
36175,1,1,1,2,1,0,0,1,0,0,4,4,4,4,4,3,0.20389625,0.17298293,3
36175,1,1,1,2,1,1,0,1,1,0,3,3,4,5,5,3,-0.63214213,1.435441,3
36175,1,3,1,2,1,1,0,1,1,0,4,3,4,4,4,3,-0.21750557,0.17298293,3
36175,1,1,1,2,1,0,0,1,0,0,4,3,4,4,4,3,-0.21750557,0.17298293,3
36175,1,1,1,2,1,1,0,1,1,0,4,4,5,4,5,3,0.65449661,0.79597932,3
36175,1,12,1,2,1,0,0,1,0,0,4,4,4,4,4,3,0.20389625,0.17298293,3
36175,1,3,1,2,1,0,0,1,1,0,4,4,4,4,4,3,0.20389625,0.17298293,3
36175,1,1,1,2,1,1,0,1,1,0,4,3,4,4,4,3,-0.21750557,0.17298293,3
36175,1,3,1,2,1,1,0,1,0,0,4,3,3,4,4,3,-0.66810596,0.17298293,3
36175,1,15,1,2,1,0,0,1,1,0,4,4,4,4,4,4,0.20389625,0.17298293,4
36175,1,3,1,2,1,0,0,1,1,0,4,4,4,4,4,4,0.20389625,0.17298293,4
36175,1,1,1,2,1,1,0,1,0,0,4,2,4,3,4,3,-0.63890743,-0.46647879,3
36175,1,1,1,2,1,1,0,1,0,0,4,2,4,4,4,2,-0.63890743,0.17298293,2
36175,1,3,1,2,1,1,0,1,1,0,4,4,4,4,4,3,0.20389625,0.17298293,3
36175,1,1,1,2,1,1,0,1,0,0,4,4,4,4,4,3,0.20389625,0.17298293,3
36175,1,3,1,2,1,0,0,1,1,0,4,4,4,4,4,4,0.20389625,0.17298293,4
36175,3,12,1,2,1,0,1,1,0,0,4,3,4,4,4,4,-0.21750557,0.17298293,4
36175,1,1,1,2,1,0,0,1,0,0,4,4,4,4,4,3,0.20389625,0.17298293,3
36175,1,1,1,2,1,0,0,1,0,0,4,4,4,4,4,3,0.20389625,0.17298293,3
36196,2,0,0,2,1,0,0,0,1,0,4,2,2,2,4,1,-1.5401082,-1.1059406,1
36196,3,0,1,2,1,0,1,0,1,1,5,5,5,5,5,3,1.490535,1.435441,3
36196,2,0,0,2,1,1,0,0,0,0,4,3,3,3,4,4,-0.66810596,-0.46647879,4
36196,1,0,1,2,1,0,0,0,1,0,4,3,4,3,4,4,-0.21750557,-0.46647879,4
36196,1,1,1,2,1,1,0,1,1,0,4,4,4,4,4,4,0.20389625,0.17298293,4
36196,3,0,1,2,1,1,1,0,1,1,1,4,3,3,4,3,-1.4906137,-0.46647879,3
36196,1,0,1,2,1,0,0,0,0,0,4,3,4,5,4,3,-0.21750557,0.81244469,3
36196,3,0,1,2,1,1,1,0,0,0,3,3,3,3,3,3,-1.0827425,-1.0894752,3
36196,3,0,1,2,1,0,1,0,1,1,5,3,3,4,4,3,-0.25346941,0.17298293,3
36196,1,1,1,2,1,0,0,1,1,0,4,4,4,4,4,4,0.20389625,0.17298293,4
36196,2,0,0,2,1,1,0,0,1,0,4,4,4,4,4,4,0.20389625,0.17298293,4
36196,3,1,0,2,1,0,1,1,0,0,4,4,4,4,4,4,0.20389625,0.17298293,4
36196,3,11,0,2,1,0,1,1,0,0,5,4,4,4,4,4,0.61853278,0.17298293,4
36196,3,1,0,2,1,1,1,1,1,1,4,4,4,4,4,4,0.20389625,0.17298293,4
36196,1,7,1,2,1,0,0,1,0,0,4,4,4,4,4,4,0.20389625,0.17298293,4
36196,1,0,1,2,1,1,0,0,0,0,4,3,4,4,4,4,-0.21750557,0.17298293,4
36196,1,0,1,2,1,0,0,0,1,0,5,5,5,5,5,5,1.490535,1.435441,5
36196,1,6,1,2,1,1,0,1,1,0,4,4,4,4,4,4,0.20389625,0.17298293,4
36196,1,3,1,2,1,0,0,1,1,0,5,5,4,5,5,3,1.0399346,1.435441,3
36196,3,12,0,2,1,0,1,1,0,0,4,4,4,4,4,4,0.20389625,0.17298293,4
36196,1,3,1,2,1,0,0,1,0,0,4,4,4,4,4,4,0.20389625,0.17298293,4
36196,2,3,0,2,1,0,0,1,0,0,3,3,3,4,4,3,-1.0827425,0.17298293,3
36196,1,7,1,2,1,0,0,1,1,0,4,4,4,4,4,4,0.20389625,0.17298293,4
36196,2,3,0,2,1,0,0,1,1,0,4,2,2,4,4,4,-1.5401082,0.17298293,4
36196,1,3,1,2,1,0,0,1,0,0,4,4,4,4,4,4,0.20389625,0.17298293,4
36196,1,3,1,2,1,0,0,1,1,0,4,4,4,4,4,4,0.20389625,0.17298293,4
36196,1,3,1,2,1,1,0,1,1,0,4,3,4,4,4,4,-0.21750557,0.17298293,4
36196,1,2,1,2,1,0,0,1,0,0,4,3,4,4,4,4,-0.21750557,0.17298293,4
36196,1,1,1,2,1,0,0,1,0,0,4,4,4,4,1,4,0.20389625,-1.6960062,4
36196,1,0,1,2,1,1,0,0,1,0,5,5,5,5,4,5,1.490535,0.81244469,5
36196,2,3,0,2,1,1,0,1,1,0,4,3,4,4,4,3,-0.21750557,0.17298293,3
36196,1,1,1,2,1,0,0,1,0,0,2,4,4,4,5,5,-0.62537682,0.79597932,5
36196,3,0,1,2,1,0,1,0,1,1,2,3,4,4,4,4,-1.0467787,0.17298293,4
36196,1,3,1,2,1,1,0,1,0,0,4,4,4,5,5,4,0.20389625,1.435441,4
36196,1,1,1,2,1,0,0,1,0,0,5,4,3,3,4,3,0.16793244,-0.46647879,3
36196,1,0,1,2,1,0,0,0,1,0,4,4,3,4,4,4,-0.24670412,0.17298293,4
36196,3,0,1,2,1,0,1,0,0,0,3,3,3,5,5,5,-1.0827425,1.435441,5
36196,1,7,1,2,1,0,0,1,1,0,5,5,4,4,2,4,1.0399346,-1.0730098,4
36196,3,1,0,2,1,1,1,1,1,1,4,4,4,4,4,4,0.20389625,0.17298293,4
36196,1,1,1,2,1,0,0,1,1,0,4,4,4,4,4,4,0.20389625,0.17298293,4
36196,1,0,1,2,1,1,0,0,0,0,5,3,3,3,4,4,-0.25346941,-0.46647879,4
36196,3,0,1,2,1,1,1,0,0,0,5,4,5,5,5,4,1.0691332,1.435441,4
36196,1,0,1,2,1,0,0,0,1,0,4,4,3,4,4,4,-0.24670412,0.17298293,4
36196,1,7,1,2,1,0,0,1,1,0,5,2,3,5,5,4,-0.67487127,1.435441,4
36196,3,1,0,2,1,0,1,1,0,0,1,1,2,2,1,2,-3.2054195,-2.9749296,2
36196,2,3,0,2,1,0,0,1,0,0,3,3,3,3,3,4,-1.0827425,-1.0894752,4
36196,1,1,1,2,1,0,0,1,0,0,5,4,4,4,4,4,0.61853278,0.17298293,4
36196,1,3,1,2,1,0,0,1,1,0,4,4,4,4,2,4,0.20389625,-1.0730098,4
36196,3,3,1,2,1,0,1,1,1,1,4,4,4,4,4,4,0.20389625,0.17298293,4
36196,1,3,1,2,1,0,0,1,0,0,5,5,5,5,4,5,1.490535,0.81244469,5
36196,1,1,1,2,1,0,0,1,0,0,4,4,4,4,4,4,0.20389625,0.17298293,4
36196,1,11,1,2,1,0,0,1,0,0,5,4,4,4,4,4,0.61853278,0.17298293,4
36196,1,1,1,2,1,0,0,1,0,0,2,4,4,4,3,4,-0.62537682,-0.45001343,4
36196,3,0,1,2,1,0,1,0,0,0,5,5,5,5,5,5,1.490535,1.435441,5
36196,3,0,1,2,1,1,1,0,1,1,4,4,5,5,5,5,0.65449661,1.435441,5
36196,1,0,1,2,1,0,0,0,0,0,5,5,5,5,4,3,1.490535,0.81244469,3
36196,1,3,1,2,1,0,0,1,0,0,5,4,4,4,4,4,0.61853278,0.17298293,4
36196,1,0,1,2,1,0,0,0,0,0,4,4,4,4,4,5,0.20389625,0.17298293,5
36196,1,0,1,2,1,0,0,0,0,0,5,5,5,5,3,5,1.490535,0.18944831,5
36196,1,7,1,2,1,0,0,1,1,0,5,3,3,3,5,3,-0.25346941,0.15651757,3
36196,1,0,1,2,1,0,0,0,0,0,3,3,4,4,4,4,-0.63214213,0.17298293,4
36196,1,3,1,2,1,0,0,1,1,0,4,4,4,4,4,4,0.20389625,0.17298293,4
36196,1,7,1,2,1,0,0,1,1,0,5,4,3,4,4,4,0.16793244,0.17298293,4
36196,2,7,1,2,1,0,0,1,0,0,4,4,4,4,4,3,0.20389625,0.17298293,3
36196,3,3,0,2,1,1,1,1,1,1,5,3,4,2,2,3,0.19713096,-2.3519332,3
36196,1,1,1,2,1,1,0,1,1,0,3,2,3,3,3,2,-1.5041443,-1.0894752,2
36196,1,7,1,2,1,0,0,1,1,0,4,4,4,4,4,4,0.20389625,0.17298293,4
36196,3,12,1,2,1,0,1,1,0,0,4,3,4,4,4,4,-0.21750557,0.17298293,4
36196,1,1,1,2,1,1,0,1,1,0,4,4,4,4,4,4,0.20389625,0.17298293,4
36196,1,3,1,2,1,0,0,1,0,0,4,3,4,4,4,4,-0.21750557,0.17298293,4
36196,1,3,1,2,1,0,0,1,0,0,4,3,4,4,4,3,-0.21750557,0.17298293,3
36196,3,4,1,2,1,0,1,1,1,1,4,4,4,4,4,4,0.20389625,0.17298293,4
36196,1,0,1,2,1,0,0,0,0,0,5,3,3,4,4,4,-0.25346941,0.17298293,4
36196,1,0,1,2,1,1,0,0,0,0,4,5,5,5,5,5,1.0758985,1.435441,5
36196,1,1,1,2,1,0,0,1,1,0,3,3,3,3,3,3,-1.0827425,-1.0894752,3
36196,1,0,1,2,1,1,0,0,0,0,5,3,5,5,5,5,0.64773136,1.435441,5
36196,3,7,0,2,1,0,1,1,0,0,4,4,4,4,4,4,0.20389625,0.17298293,4
36196,1,3,1,2,1,0,0,1,0,0,4,3,4,4,4,3,-0.21750557,0.17298293,3
36196,3,3,0,2,1,0,1,1,1,1,4,3,4,1,5,4,-0.21750557,-1.1224059,4
36196,2,0,0,2,1,0,0,0,0,0,2,4,4,4,4,4,-0.62537682,0.17298293,4
36196,1,1,1,2,1,0,0,1,1,0,4,4,4,4,4,4,0.20389625,0.17298293,4
36196,1,12,1,2,1,0,0,1,1,0,4,4,4,4,4,4,0.20389625,0.17298293,4
36196,1,7,1,2,1,0,0,1,0,0,5,1,4,4,4,4,-0.64567274,0.17298293,4
36196,1,7,1,2,1,0,0,1,0,0,4,4,4,4,4,4,0.20389625,0.17298293,4
36196,1,1,1,2,1,0,0,1,0,0,4,4,4,3,4,4,0.20389625,-0.46647879,4
36196,1,0,1,2,1,0,0,0,1,0,2,4,4,4,4,4,-0.62537682,0.17298293,4
36196,1,0,1,2,1,0,0,0,0,0,4,4,4,4,4,4,0.20389625,0.17298293,4
36196,1,3,1,2,1,0,0,1,1,0,4,3,4,3,4,4,-0.21750557,-0.46647879,4
36196,1,11,1,2,1,0,0,1,1,0,5,3,3,4,4,4,-0.25346941,0.17298293,4
36196,1,0,1,2,1,0,0,0,0,0,4,4,4,4,4,4,0.20389625,0.17298293,4
36196,1,3,1,2,1,0,0,1,0,0,3,4,3,3,3,3,-0.66134065,-1.0894752,3
36196,1,1,1,2,1,0,0,1,0,0,4,4,4,4,4,4,0.20389625,0.17298293,4
36196,1,0,1,2,1,0,0,0,1,0,5,2,2,4,2,4,-1.1254716,-1.0730098,4
36196,2,0,0,2,1,0,0,0,1,0,4,4,4,4,4,3,0.20389625,0.17298293,3
36196,1,7,1,2,1,0,0,1,0,0,4,4,3,3,4,4,-0.24670412,-0.46647879,4
36196,1,3,1,2,1,0,0,1,0,0,4,4,4,4,4,4,0.20389625,0.17298293,4
36196,3,1,0,2,1,0,1,1,1,1,2,4,4,4,4,4,-0.62537682,0.17298293,4
36196,2,0,0,2,1,1,0,0,0,0,2,4,4,4,4,3,-0.62537682,0.17298293,3
36196,1,3,1,2,1,1,0,1,1,0,5,5,5,5,5,5,1.490535,1.435441,5
36196,2,0,0,2,1,0,0,0,0,0,4,4,4,4,4,4,0.20389625,0.17298293,4
36196,1,7,1,2,1,0,0,1,0,0,4,4,4,4,3,3,0.20389625,-0.45001343,3
36196,1,1,1,2,1,1,0,1,0,0,4,2,4,1,4,3,-0.63890743,-1.7454023,3
36196,1,1,1,2,1,0,0,1,1,0,4,4,4,4,4,4,0.20389625,0.17298293,4
36196,1,3,1,2,1,0,0,1,0,0,5,3,3,4,4,3,-0.25346941,0.17298293,3
36196,1,3,1,2,1,0,0,1,0,0,4,4,4,4,4,4,0.20389625,0.17298293,4
36196,1,3,1,2,1,1,0,1,1,0,5,4,4,4,4,4,0.61853278,0.17298293,4
36196,1,3,1,2,1,1,0,1,1,0,4,3,4,4,4,4,-0.21750557,0.17298293,4
36196,1,3,1,2,1,0,0,1,0,0,4,4,3,4,4,4,-0.24670412,0.17298293,4
36196,1,1,1,2,1,1,0,1,0,0,4,4,4,4,4,4,0.20389625,0.17298293,4
36196,1,1,1,2,1,0,0,1,1,0,4,4,4,4,3,4,0.20389625,-0.45001343,4
36196,1,3,1,2,1,0,0,1,0,0,5,5,5,5,4,4,1.490535,0.81244469,4
36372,1,0,0,2,1,1,0,0,0,0,4,3,4,2,4,4,-0.21750557,-1.1059406,4
36372,1,0,0,2,1,0,0,0,1,0,4,4,4,4,5,4,0.20389625,0.79597932,4
36372,1,0,0,2,1,1,0,0,1,0,4,3,3,4,4,3,-0.66810596,0.17298293,3
36372,1,6,1,2,1,0,0,1,0,0,4,4,4,3,4,5,0.20389625,-0.46647879,5
36372,1,0,0,2,1,0,0,0,1,0,2,3,1,2,4,4,-2.3985798,-1.1059406,4
36372,1,3,1,2,1,0,0,1,0,0,5,5,5,5,5,5,1.490535,1.435441,5
36372,1,0,0,2,1,1,0,0,0,0,5,4,3,4,3,5,0.16793244,-0.45001343,5
36372,1,3,1,2,1,1,0,1,1,0,5,5,5,5,5,5,1.490535,1.435441,5
36372,1,4,1,2,1,1,0,1,1,0,5,5,5,2,2,2,1.490535,-2.3519332,2
36372,1,0,0,2,1,1,0,0,1,0,4,4,2,2,2,2,-0.69730449,-2.3519332,2
36372,1,0,0,2,1,1,0,0,0,0,4,4,4,4,4,4,0.20389625,0.17298293,4
36372,1,8,1,2,1,0,0,1,1,0,5,2,4,4,4,4,-0.22427088,0.17298293,4
36372,1,16,1,2,1,0,0,1,0,0,5,4,4,5,5,5,0.61853278,1.435441,5
36372,1,12,1,2,1,0,0,1,1,0,4,4,4,4,4,5,0.20389625,0.17298293,5
36372,1,0,0,2,1,0,0,0,0,0,4,2,4,4,4,4,-0.63890743,0.17298293,4
36372,1,4,1,2,1,0,0,1,0,0,1,1,1,1,4,5,-3.6560199,-1.7454023,5
36372,1,3,1,2,1,1,0,1,0,0,5,2,4,3,4,3,-0.22427088,-0.46647879,3
36372,1,3,1,2,1,1,0,1,0,0,4,2,2,2,2,2,-1.5401082,-2.3519332,2
36372,1,0,0,2,1,0,0,0,0,0,5,5,5,5,5,4,1.490535,1.435441,4
36381,3,0,1,2,3,1,1,0,0,0,5,5,5,5,3,5,1.490535,0.18944831,5
36381,3,3,0,2,3,0,1,1,1,1,4,4,4,4,4,3,0.20389625,0.17298293,3
36381,3,0,0,2,3,1,1,0,0,0,5,5,4,4,5,4,1.0399346,0.79597932,4
36381,3,0,0,2,3,0,1,0,0,0,5,3,5,4,5,4,0.64773136,0.79597932,4
36381,3,19,0,2,3,0,1,1,1,1,5,5,5,5,3,5,1.490535,0.18944831,5
36381,3,3,0,2,3,0,1,1,1,1,5,4,4,4,3,4,0.61853278,-0.45001343,4
36381,3,13,0,2,3,1,1,1,0,0,4,5,5,5,5,5,1.0758985,1.435441,5
36381,3,3,0,2,3,1,1,1,0,0,5,5,5,5,5,5,1.490535,1.435441,5
36381,3,1,0,2,3,0,1,1,0,0,5,5,5,5,2,4,1.490535,-0.43354806,4
36381,2,7,0,2,3,1,0,1,0,0,4,3,4,4,4,4,-0.21750557,0.17298293,4
36381,3,3,0,2,3,0,1,1,0,0,5,4,3,5,2,2,0.16793244,-0.43354806,2
36381,2,3,0,2,3,1,0,1,1,0,5,4,4,3,2,4,0.61853278,-1.7124715,4
36381,3,4,0,2,3,0,1,1,0,0,4,4,4,4,4,4,0.20389625,0.17298293,4
36381,3,4,0,2,3,0,1,1,1,1,5,5,5,5,4,5,1.490535,0.81244469,5
36381,3,7,0,2,3,0,1,1,0,0,5,4,5,5,3,5,1.0691332,0.18944831,5
36381,2,3,0,2,3,0,0,1,0,0,4,4,4,4,4,4,0.20389625,0.17298293,4
36381,3,12,0,2,3,0,1,1,1,1,5,3,3,5,4,5,-0.25346941,0.81244469,5
36381,3,3,0,2,3,0,1,1,0,0,5,4,4,2,3,4,0.61853278,-1.7289369,4
36381,3,11,0,2,3,0,1,1,0,0,5,3,2,2,2,4,-0.70406979,-2.3519332,4
36381,3,15,0,2,3,0,1,1,1,1,5,5,5,5,2,5,1.490535,-0.43354806,5
36381,3,0,0,2,3,1,1,0,1,1,4,3,5,5,4,3,0.2330948,0.81244469,3
36381,3,7,0,2,3,0,1,1,0,0,5,5,2,4,3,4,0.13873389,-0.45001343,4
36381,3,0,0,2,3,0,1,0,0,0,5,4,2,4,4,2,-0.28266793,0.17298293,2
36381,3,4,0,2,3,1,1,1,0,0,4,3,5,4,5,3,0.2330948,0.79597932,3
36381,3,0,0,2,3,1,1,0,0,0,5,4,4,4,4,4,0.61853278,0.17298293,4
36381,2,7,0,2,3,0,0,1,1,0,5,5,4,5,4,5,1.0399346,0.81244469,5
36381,3,0,0,2,3,0,1,0,1,1,4,3,5,4,4,4,0.2330948,0.17298293,4
36433,3,7,0,2,3,0,1,1,0,0,4,4,4,4,4,3,0.20389625,0.17298293,3
36433,2,3,0,2,3,0,0,1,0,0,5,5,5,5,5,4,1.490535,1.435441,4
36433,1,3,0,2,3,0,0,1,1,0,5,4,4,4,4,4,0.61853278,0.17298293,4
36433,2,8,0,2,3,0,0,1,1,0,3,3,3,3,3,3,-1.0827425,-1.0894752,3
36433,2,3,0,2,3,0,0,1,0,0,5,5,3,5,5,3,0.58933425,1.435441,3
36433,3,3,0,2,3,0,1,1,0,0,2,2,4,4,4,4,-1.4681805,0.17298293,4
36433,2,3,0,2,3,1,0,1,0,0,3,4,4,4,3,4,-0.21074028,-0.45001343,4
36433,2,3,0,2,3,0,0,1,1,0,3,3,5,5,5,5,-0.18154176,1.435441,5
36433,2,4,0,2,3,0,0,1,1,0,4,4,4,4,4,3,0.20389625,0.17298293,3
36433,2,3,0,2,3,1,0,1,0,0,4,3,4,4,4,4,-0.21750557,0.17298293,4
36433,2,3,0,2,3,0,0,1,1,0,4,3,4,3,4,3,-0.21750557,-0.46647879,3
36433,2,3,0,2,3,0,0,1,1,0,2,4,4,3,4,2,-0.62537682,-0.46647879,2
36571,1,7,1,1,3,0,0,1,0,0,2,3,3,3,3,3,-1.4973791,-1.0894752,3
36571,1,3,1,1,3,0,0,1,1,0,2,2,2,2,2,2,-2.3693812,-2.3519332,2
36726,2,7,0,2,2,0,0,1,1,0,3,3,3,3,2,3,-1.0827425,-1.7124715,3
36726,2,8,0,2,2,0,0,1,0,0,4,2,2,2,4,4,-1.5401082,-1.1059406,4
36726,2,0,0,2,2,1,0,0,0,0,4,3,3,3,4,3,-0.66810596,-0.46647879,3
36726,2,4,0,2,2,0,0,1,0,0,3,4,4,4,4,3,-0.21074028,0.17298293,3
36726,3,7,0,2,2,0,1,1,1,1,4,4,4,3,4,4,0.20389625,-0.46647879,4
36726,2,0,0,2,2,1,0,0,0,0,3,3,3,1,3,1,-1.0827425,-2.3683987,1
36726,2,0,0,2,2,1,0,0,1,0,4,2,4,4,2,2,-0.63890743,-1.0730098,2
36726,2,0,0,2,2,1,0,0,0,0,4,4,4,3,4,2,0.20389625,-0.46647879,2
36726,2,3,0,2,2,0,0,1,0,0,5,3,4,5,4,3,0.19713096,0.81244469,3
36726,2,7,0,2,2,0,0,1,1,0,5,4,4,4,4,4,0.61853278,0.17298293,4
36726,2,0,0,2,2,0,0,0,1,0,3,2,4,4,3,3,-1.0535439,-0.45001343,3
36726,2,1,0,2,2,1,0,1,1,0,5,4,4,4,4,3,0.61853278,0.17298293,3
36726,2,0,0,2,2,0,0,0,1,0,4,2,4,4,4,4,-0.63890743,0.17298293,4
36726,2,0,0,2,2,0,0,0,0,0,4,3,4,3,4,3,-0.21750557,-0.46647879,3
36726,2,12,0,2,2,0,0,1,0,0,5,3,4,4,3,3,0.19713096,-0.45001343,3
36813,3,0,0,2,3,1,1,0,0,0,1,1,1,1,1,1,-3.6560199,-3.6143913,1
36867,3,3,0,2,3,0,1,1,0,0,1,3,3,1,1,1,-1.9120156,-3.6143913,1
36867,3,0,0,2,3,1,1,0,1,1,4,4,4,3,4,4,0.20389625,-0.46647879,4
36867,3,0,0,2,3,1,1,0,0,0,4,4,4,4,3,3,0.20389625,-0.45001343,3
36867,3,3,0,2,3,0,1,1,0,0,5,4,5,4,4,4,1.0691332,0.17298293,4
36867,3,8,0,2,3,0,1,1,1,1,4,5,4,5,4,5,0.62529808,0.81244469,5
36867,3,0,0,2,3,1,1,0,0,0,4,4,3,4,4,4,-0.24670412,0.17298293,4
36867,3,4,0,2,3,0,1,1,0,0,5,5,3,4,4,4,0.58933425,0.17298293,4
36867,3,20,0,2,3,0,1,1,1,1,5,5,4,5,5,4,1.0399346,1.435441,4
36867,3,0,0,2,3,1,1,0,0,0,5,4,3,4,4,4,0.16793244,0.17298293,4
36867,3,8,0,2,3,0,1,1,1,1,5,5,5,5,5,4,1.490535,1.435441,4
36877,3,7,0,2,3,0,1,1,0,0,3,4,4,4,4,3,-0.21074028,0.17298293,3
36877,3,20,0,2,3,0,1,1,0,0,4,4,2,4,1,5,-0.69730449,-1.6960062,5
36877,3,0,0,2,3,0,1,0,0,0,4,4,2,4,1,2,-0.69730449,-1.6960062,2
36877,3,0,0,2,3,1,1,0,1,1,5,2,2,4,2,3,-1.1254716,-1.0730098,3
36877,3,7,0,2,3,0,1,1,0,0,4,3,2,3,2,3,-1.1187063,-1.7124715,3
36877,3,0,0,2,3,0,1,0,1,1,4,4,1,4,4,1,-1.1479049,0.17298293,1
36877,3,1,0,2,3,1,1,1,1,1,4,3,2,4,2,2,-1.1187063,-1.0730098,2
36877,3,6,0,2,3,0,1,1,1,1,4,4,4,3,4,5,0.20389625,-0.46647879,5
36877,3,0,0,2,3,0,1,0,1,1,5,4,2,4,5,5,-0.28266793,0.79597932,5
36877,3,3,0,2,3,0,1,1,1,1,5,3,2,1,5,3,-0.70406979,-1.1224059,3
36877,3,0,0,2,3,1,1,0,1,1,4,4,3,3,5,3,-0.24670412,0.15651757,3
36877,3,4,0,2,3,1,1,1,0,0,5,3,4,3,3,3,0.19713096,-1.0894752,3
36877,3,0,0,2,3,0,1,0,0,0,3,2,5,4,4,4,-0.6029436,0.17298293,4
36877,3,3,0,2,3,1,1,1,0,0,5,1,5,5,4,5,-0.19507234,0.81244469,5
36877,3,3,0,2,3,0,1,1,1,1,3,2,4,3,4,4,-1.0535439,-0.46647879,4
36877,3,3,0,2,3,0,1,1,1,1,5,5,5,5,5,5,1.490535,1.435441,5
36877,3,3,0,2,3,0,1,1,1,1,5,5,5,5,3,5,1.490535,0.18944831,5
36877,3,12,0,2,3,0,1,1,1,1,5,4,5,5,5,5,1.0691332,1.435441,5
36877,3,3,0,2,3,0,1,1,0,0,5,5,5,5,5,5,1.490535,1.435441,5
36877,3,3,0,2,3,0,1,1,0,0,5,3,5,5,5,3,0.64773136,1.435441,3
36877,3,3,0,2,3,0,1,1,1,1,4,4,4,4,5,5,0.20389625,0.79597932,5
36877,3,0,0,2,3,0,1,0,0,0,5,3,5,4,4,3,0.64773136,0.17298293,3
36877,3,0,0,2,3,0,1,0,0,0,5,3,4,2,4,3,0.19713096,-1.1059406,3
36877,3,1,0,2,3,0,1,1,1,1,4,2,4,4,4,4,-0.63890743,0.17298293,4
36877,3,3,0,2,3,0,1,1,0,0,4,4,4,4,4,4,0.20389625,0.17298293,4
36877,3,0,0,2,3,0,1,0,1,1,2,2,2,2,4,3,-2.3693812,-1.1059406,3
36877,3,0,0,2,3,1,1,0,0,0,3,3,2,4,4,4,-1.5333428,0.17298293,4
36877,3,7,0,2,3,0,1,1,0,0,5,5,4,5,2,4,1.0399346,-0.43354806,4
36879,3,0,1,1,3,0,1,0,0,0,1,1,1,1,1,1,-3.6560199,-3.6143913,1
36879,3,0,1,1,3,0,1,0,1,1,1,1,1,1,1,3,-3.6560199,-3.6143913,3
36879,2,0,1,1,3,0,0,0,0,0,1,1,1,1,3,1,-3.6560199,-2.3683987,1
36879,3,0,1,1,3,1,1,0,1,1,4,4,4,4,4,4,0.20389625,0.17298293,4
36879,3,0,1,1,3,0,1,0,0,0,5,5,5,5,5,3,1.490535,1.435441,3
36891,1,3,1,2,1,0,0,1,0,0,4,4,4,4,4,4,0.20389625,0.17298293,4
36891,1,3,1,2,1,0,0,1,1,0,4,4,4,4,4,4,0.20389625,0.17298293,4
36945,1,0,0,1,1,0,0,0,0,0,5,4,4,4,5,4,0.61853278,0.79597932,4
36945,1,20,1,1,1,0,0,1,1,0,4,4,5,4,4,5,0.65449661,0.17298293,5
36945,1,4,1,1,1,0,0,1,1,0,3,3,3,4,3,3,-1.0827425,-0.45001343,3
36945,1,12,1,1,1,0,0,1,0,0,4,4,4,5,4,4,0.20389625,0.81244469,4
36945,1,8,1,1,1,0,0,1,0,0,5,5,5,5,5,5,1.490535,1.435441,5
36945,1,0,0,1,1,0,0,0,1,0,4,4,5,5,4,4,0.65449661,0.81244469,4
36945,1,3,1,1,1,0,0,1,0,0,3,4,5,4,4,4,0.23986009,0.17298293,4
36945,1,3,1,1,1,0,0,1,0,0,4,4,4,3,4,3,0.20389625,-0.46647879,3
37249,3,3,0,2,3,0,1,1,1,1,4,4,4,4,4,4,0.20389625,0.17298293,4
37249,3,4,0,2,3,1,1,1,1,1,4,2,4,4,3,3,-0.63890743,-0.45001343,3
37249,3,8,0,2,3,0,1,1,0,0,4,4,4,4,4,4,0.20389625,0.17298293,4
37249,3,0,1,2,3,0,1,0,1,1,5,4,4,4,4,3,0.61853278,0.17298293,3
37249,3,3,0,2,3,0,1,1,0,0,5,4,5,5,4,5,1.0691332,0.81244469,5
37249,3,4,0,2,3,0,1,1,0,0,5,5,4,4,4,5,1.0399346,0.17298293,5
37249,3,0,1,2,3,1,1,0,0,0,4,5,3,4,4,4,0.17469773,0.17298293,4
37249,3,7,0,2,3,0,1,1,0,0,3,3,3,3,3,3,-1.0827425,-1.0894752,3
37249,3,3,0,2,3,0,1,1,1,1,4,4,5,4,3,4,0.65449661,-0.45001343,4
37249,3,4,0,2,3,0,1,1,0,0,4,3,2,4,4,1,-1.1187063,0.17298293,1
37249,3,0,1,2,3,0,1,0,1,1,4,3,4,4,4,4,-0.21750557,0.17298293,4
37249,3,7,0,2,3,0,1,1,0,0,3,3,3,3,3,3,-1.0827425,-1.0894752,3
37249,3,0,1,2,3,0,1,0,1,1,5,5,5,5,5,3,1.490535,1.435441,3
37249,3,0,1,2,3,1,1,0,0,0,4,5,5,4,4,4,1.0758985,0.17298293,4
37249,3,0,1,2,3,0,1,0,1,1,4,3,2,4,5,3,-1.1187063,0.79597932,3
37249,3,0,1,2,3,0,1,0,1,1,4,3,5,3,4,5,0.2330948,-0.46647879,5
37249,3,0,1,2,3,0,1,0,0,0,5,3,4,4,5,3,0.19713096,0.79597932,3
37249,3,3,0,2,3,0,1,1,0,0,3,3,3,3,3,3,-1.0827425,-1.0894752,3
37249,3,0,1,2,3,1,1,0,1,1,3,3,3,3,3,3,-1.0827425,-1.0894752,3
37249,3,0,1,2,3,0,1,0,0,0,4,4,4,3,4,3,0.20389625,-0.46647879,3
37249,3,7,0,2,3,0,1,1,1,1,4,4,4,4,4,4,0.20389625,0.17298293,4
37249,3,8,0,2,3,0,1,1,0,0,4,5,4,4,4,5,0.62529808,0.17298293,5
37249,3,0,1,2,3,0,1,0,0,0,5,3,3,3,4,3,-0.25346941,-0.46647879,3
37249,3,3,0,2,3,0,1,1,1,1,3,3,3,3,3,3,-1.0827425,-1.0894752,3
37249,3,4,0,2,3,1,1,1,1,1,4,4,4,4,4,4,0.20389625,0.17298293,4
37249,3,0,1,2,3,0,1,0,0,0,4,4,4,4,4,4,0.20389625,0.17298293,4
37249,3,4,0,2,3,0,1,1,1,1,3,4,4,4,4,4,-0.21074028,0.17298293,4
37249,3,0,1,2,3,0,1,0,0,0,4,3,4,4,4,3,-0.21750557,0.17298293,3
37249,3,0,1,2,3,0,1,0,1,1,3,3,3,3,3,3,-1.0827425,-1.0894752,3
37249,3,0,1,2,3,0,1,0,0,0,4,4,3,4,3,4,-0.24670412,-0.45001343,4
37356,3,4,0,2,3,0,1,1,1,1,4,4,4,4,1,4,0.20389625,-1.6960062,4
37356,2,3,0,2,3,1,0,1,0,0,5,3,5,5,3,5,0.64773136,0.18944831,5
37356,3,0,0,2,3,0,1,0,0,0,4,4,3,3,4,4,-0.24670412,-0.46647879,4
37356,3,4,0,2,3,0,1,1,0,0,4,4,4,3,3,4,0.20389625,-1.0894752,4
37356,2,7,0,2,3,0,0,1,1,0,4,2,4,4,4,4,-0.63890743,0.17298293,4
37356,2,4,0,2,3,0,0,1,0,0,5,3,4,4,4,4,0.19713096,0.17298293,4
37405,3,0,1,1,3,1,1,0,1,1,3,3,4,4,3,4,-0.63214213,-0.45001343,4
37405,3,12,0,1,3,0,1,1,0,0,4,4,4,4,4,4,0.20389625,0.17298293,4
37405,3,0,1,1,3,1,1,0,0,0,5,4,4,5,3,3,0.61853278,0.18944831,3
37405,3,12,0,1,3,0,1,1,0,0,5,3,5,5,3,3,0.64773136,0.18944831,3
37405,3,11,0,1,3,0,1,1,1,1,2,4,4,4,2,4,-0.62537682,-1.0730098,4
37405,3,0,1,1,3,0,1,0,1,1,5,3,4,5,4,3,0.19713096,0.81244469,3
37405,3,6,0,1,3,0,1,1,1,1,5,3,5,5,4,3,0.64773136,0.81244469,3
37405,3,3,0,1,3,0,1,1,1,1,5,4,4,5,5,3,0.61853278,1.435441,3
37405,3,3,0,1,3,0,1,1,0,0,4,4,4,4,4,3,0.20389625,0.17298293,3
37405,3,0,1,1,3,0,1,0,0,0,5,3,3,5,4,3,-0.25346941,0.81244469,3
37405,3,0,1,1,3,0,1,0,0,0,4,3,4,5,4,4,-0.21750557,0.81244469,4
37408,1,3,1,1,1,0,0,1,1,0,3,4,2,3,2,3,-1.111941,-1.7124715,3
37408,1,0,1,1,1,0,0,0,1,0,2,2,2,2,2,2,-2.3693812,-2.3519332,2
37408,1,0,1,1,1,0,0,0,0,0,2,2,2,2,2,2,-2.3693812,-2.3519332,2
37408,1,2,1,1,1,0,0,1,0,0,4,4,4,4,4,4,0.20389625,0.17298293,4
37408,1,3,1,1,1,0,0,1,1,0,4,4,4,4,4,4,0.20389625,0.17298293,4
37408,1,0,1,1,1,0,0,0,0,0,5,4,4,4,2,2,0.61853278,-1.0730098,2
37408,1,0,1,1,1,0,0,0,0,0,4,2,3,3,3,3,-1.0895078,-1.0894752,3
37408,1,11,1,1,1,0,0,1,1,0,3,4,4,4,4,4,-0.21074028,0.17298293,4
37408,1,0,0,1,1,1,0,0,0,0,4,2,4,4,4,3,-0.63890743,0.17298293,3
37408,1,0,0,1,1,0,0,0,1,0,4,3,3,4,4,3,-0.66810596,0.17298293,3
37408,1,0,1,1,1,0,0,0,0,0,2,2,2,2,2,2,-2.3693812,-2.3519332,2
37408,1,3,1,1,1,0,0,1,0,0,4,2,4,4,4,4,-0.63890743,0.17298293,4
37517,1,0,0,2,1,1,0,0,0,0,4,4,4,4,4,3,0.20389625,0.17298293,3
37517,1,11,1,2,1,0,0,1,0,0,2,5,3,3,3,3,-0.65457535,-1.0894752,3
37517,1,11,1,2,1,0,0,1,1,0,1,3,3,3,4,4,-1.9120156,-0.46647879,4
37517,1,3,1,2,1,0,0,1,0,0,5,3,4,4,1,4,0.19713096,-1.6960062,4
37517,1,7,1,2,1,1,0,1,0,0,4,2,4,4,4,3,-0.63890743,0.17298293,3
37517,1,15,1,2,1,0,0,1,0,0,5,1,2,3,3,2,-1.5468735,-1.0894752,2
37517,1,12,1,2,1,0,0,1,1,0,4,4,4,5,4,4,0.20389625,0.81244469,4
37517,1,0,0,2,1,0,0,0,0,0,4,3,4,4,4,3,-0.21750557,0.17298293,3
37517,1,0,1,2,1,0,0,0,0,0,4,4,4,4,3,3,0.20389625,-0.45001343,3
37517,1,3,1,2,1,0,0,1,0,0,4,4,4,4,4,4,0.20389625,0.17298293,4
37517,1,0,0,2,1,0,0,0,1,0,2,4,1,3,5,3,-1.977178,0.15651757,3
37517,1,0,1,2,1,1,0,0,0,0,1,5,3,4,4,4,-1.069212,0.17298293,4
37517,2,3,1,2,1,0,0,1,1,0,4,4,2,4,4,4,-0.69730449,0.17298293,4
37517,1,9,1,2,1,0,0,1,1,0,4,4,4,4,3,4,0.20389625,-0.45001343,4
37517,1,3,1,2,1,0,0,1,0,0,4,4,4,4,5,3,0.20389625,0.79597932,3
37517,1,0,1,2,1,0,0,0,1,0,4,4,5,5,5,4,0.65449661,1.435441,4
37517,1,0,1,2,1,0,0,0,1,0,1,2,5,3,2,4,-1.4322166,-1.7124715,4
37517,3,0,0,2,1,1,1,0,1,1,3,3,3,3,4,3,-1.0827425,-0.46647879,3
37517,1,0,1,2,1,0,0,0,0,0,4,3,3,4,4,3,-0.66810596,0.17298293,3
37517,1,1,1,2,1,0,0,1,0,0,1,2,3,4,3,4,-2.3334174,-0.45001343,4
37517,1,3,1,2,1,0,0,1,1,0,4,3,4,4,4,4,-0.21750557,0.17298293,4
37517,1,3,1,2,1,0,0,1,1,0,1,4,3,4,2,3,-1.4906137,-1.0730098,3
37517,3,2,1,2,1,0,1,1,0,0,3,3,3,3,3,3,-1.0827425,-1.0894752,3
37517,1,3,1,2,1,0,0,1,0,0,4,4,3,3,4,4,-0.24670412,-0.46647879,4
37517,1,0,1,2,1,1,0,0,0,0,5,5,5,5,5,4,1.490535,1.435441,4
37517,1,0,1,2,1,0,0,0,0,0,3,4,5,5,5,5,0.23986009,1.435441,5
37517,3,3,1,2,1,0,1,1,1,1,3,3,4,4,4,4,-0.63214213,0.17298293,4
37517,1,0,0,2,1,1,0,0,1,0,4,4,4,4,4,3,0.20389625,0.17298293,3
37517,1,7,1,2,1,0,0,1,1,0,2,3,3,3,5,3,-1.4973791,0.15651757,3
37517,1,0,0,2,1,1,0,0,0,0,1,2,3,4,4,4,-2.3334174,0.17298293,4
37517,1,3,1,2,1,0,0,1,0,0,4,3,4,4,3,3,-0.21750557,-0.45001343,3
37517,1,0,1,2,1,1,0,0,1,0,1,3,3,4,3,3,-1.9120156,-0.45001343,3
37517,1,7,1,2,1,0,0,1,1,0,4,4,3,3,4,4,-0.24670412,-0.46647879,4
37713,1,4,0,2,3,1,0,1,1,0,5,4,4,3,4,5,0.61853278,-0.46647879,5
37713,3,3,0,2,3,0,1,1,0,0,5,4,4,4,4,5,0.61853278,0.17298293,5
37713,3,4,0,2,3,1,1,1,1,1,5,4,5,5,5,5,1.0691332,1.435441,5
37713,3,7,0,2,3,1,1,1,1,1,5,4,5,4,4,4,1.0691332,0.17298293,4
37713,1,0,0,2,3,1,0,0,1,0,4,4,2,2,2,2,-0.69730449,-2.3519332,2
37713,3,1,0,2,3,0,1,1,0,0,5,3,5,3,4,4,0.64773136,-0.46647879,4
37713,2,0,0,2,3,0,0,0,1,0,5,4,4,4,4,3,0.61853278,0.17298293,3
37713,3,8,0,2,3,0,1,1,0,0,5,5,5,5,2,5,1.490535,-0.43354806,5
37713,3,0,0,2,3,0,1,0,0,0,4,4,4,4,4,4,0.20389625,0.17298293,4
37713,3,1,0,2,3,0,1,1,1,1,4,4,5,4,4,4,0.65449661,0.17298293,4
37713,3,4,0,2,3,1,1,1,0,0,5,5,5,5,5,5,1.490535,1.435441,5
37713,3,0,0,2,3,1,1,0,0,0,5,4,4,4,4,4,0.61853278,0.17298293,4
37713,1,8,0,2,3,0,0,1,0,0,5,5,5,5,5,5,1.490535,1.435441,5
37713,3,0,0,2,3,0,1,0,1,1,4,4,4,4,4,4,0.20389625,0.17298293,4
37713,3,4,0,2,3,0,1,1,1,1,5,4,5,5,5,4,1.0691332,1.435441,4
37713,3,4,0,2,3,1,1,1,1,1,4,4,4,3,4,4,0.20389625,-0.46647879,4
37713,3,4,0,2,3,0,1,1,0,0,5,5,4,4,5,5,1.0399346,0.79597932,5
37713,3,0,0,2,3,0,1,0,0,0,5,1,4,5,5,1,-0.64567274,1.435441,1
37713,3,0,0,2,3,0,1,0,0,0,3,2,2,1,4,3,-1.9547447,-1.7454023,3
37713,2,0,0,2,3,1,0,0,0,0,4,4,4,4,4,2,0.20389625,0.17298293,2
37713,3,0,0,2,3,0,1,0,1,1,4,3,5,5,3,4,0.2330948,0.18944831,4
37713,2,0,0,2,3,0,0,0,0,0,5,4,5,4,2,4,1.0691332,-1.0730098,4
37713,3,0,0,2,3,0,1,0,1,1,4,3,3,3,4,3,-0.66810596,-0.46647879,3
37713,3,0,0,2,3,0,1,0,1,1,5,5,5,5,5,3,1.490535,1.435441,3
37713,2,0,0,2,3,1,0,0,0,0,5,3,5,5,5,5,0.64773136,1.435441,5
38023,3,3,0,2,3,0,1,1,1,1,1,2,2,4,2,4,-2.7840178,-1.0730098,4
38023,3,0,1,2,3,0,1,0,0,0,5,4,5,5,5,5,1.0691332,1.435441,5
38023,3,3,0,2,3,0,1,1,0,0,4,5,4,4,4,4,0.62529808,0.17298293,4
38174,3,0,0,2,3,0,1,0,0,0,5,4,5,5,5,5,1.0691332,1.435441,5
38174,3,0,0,2,3,0,1,0,0,0,4,2,4,4,4,2,-0.63890743,0.17298293,2
38174,3,0,0,2,3,0,1,0,1,1,2,4,4,4,4,4,-0.62537682,0.17298293,4
38174,3,0,0,2,3,0,1,0,0,0,5,4,4,5,4,5,0.61853278,0.81244469,5
38174,3,3,0,2,3,1,1,1,1,1,5,3,4,5,3,4,0.19713096,0.18944831,4
38174,3,8,0,2,3,0,1,1,0,0,4,4,4,5,2,4,0.20389625,-0.43354806,4
38174,3,3,0,2,3,0,1,1,1,1,4,4,4,4,4,4,0.20389625,0.17298293,4
38174,3,0,0,2,3,0,1,0,1,1,4,4,4,5,3,4,0.20389625,0.18944831,4
38224,1,0,1,1,3,0,0,0,0,0,4,4,5,5,4,4,0.65449661,0.81244469,4
38224,3,3,0,1,3,0,1,1,0,0,4,4,4,4,4,5,0.20389625,0.17298293,5
38224,3,4,0,1,3,1,1,1,0,0,4,4,5,4,4,4,0.65449661,0.17298293,4
38224,3,5,0,1,3,0,1,1,1,1,5,3,4,4,4,4,0.19713096,0.17298293,4
38224,1,0,1,1,3,0,0,0,0,0,4,4,4,5,3,4,0.20389625,0.18944831,4
38224,3,0,0,1,3,0,1,0,0,0,4,3,4,4,3,4,-0.21750557,-0.45001343,4
38224,3,7,0,1,3,0,1,1,1,1,4,4,4,4,4,4,0.20389625,0.17298293,4
38224,3,0,0,1,3,0,1,0,1,1,4,4,5,5,5,4,0.65449661,1.435441,4
38224,1,0,1,1,3,0,0,0,1,0,4,4,4,4,4,4,0.20389625,0.17298293,4
38224,3,4,0,1,3,0,1,1,0,0,4,4,4,4,4,4,0.20389625,0.17298293,4
38224,3,0,0,1,3,0,1,0,0,0,4,4,4,4,4,4,0.20389625,0.17298293,4
38224,1,0,1,1,3,0,0,0,1,0,4,4,4,4,3,3,0.20389625,-0.45001343,3
38224,1,12,1,1,3,0,0,1,1,0,4,4,4,4,2,2,0.20389625,-1.0730098,2
38224,1,0,1,1,3,0,0,0,0,0,4,4,4,4,3,4,0.20389625,-0.45001343,4
38224,1,4,1,1,3,1,0,1,1,0,5,5,4,4,4,4,1.0399346,0.17298293,4
38224,1,0,1,1,3,0,0,0,0,0,2,4,4,3,4,3,-0.62537682,-0.46647879,3
38224,3,0,0,1,3,0,1,0,0,0,4,4,4,4,4,4,0.20389625,0.17298293,4
38224,3,0,0,1,3,0,1,0,1,1,4,4,4,4,4,4,0.20389625,0.17298293,4
38224,1,4,1,1,3,0,0,1,0,0,4,4,4,4,4,4,0.20389625,0.17298293,4
38224,1,0,1,1,3,0,0,0,0,0,4,4,4,5,2,3,0.20389625,-0.43354806,3
38224,3,0,0,1,3,0,1,0,0,0,4,4,4,4,3,4,0.20389625,-0.45001343,4
38224,1,4,1,1,3,1,0,1,0,0,5,5,4,5,5,5,1.0399346,1.435441,5
38260,3,0,0,1,3,0,1,0,0,0,1,3,4,4,4,5,-1.4614152,0.17298293,5
38261,1,0,1,1,3,1,0,0,0,0,4,4,5,4,4,4,0.65449661,0.17298293,4
38261,1,4,1,1,3,1,0,1,1,0,4,4,4,4,4,4,0.20389625,0.17298293,4
38261,1,0,1,1,3,0,0,0,1,0,3,3,4,3,4,3,-0.63214213,-0.46647879,3
38261,3,4,1,1,3,0,1,1,0,0,3,4,4,3,4,3,-0.21074028,-0.46647879,3
38261,1,12,1,1,3,0,0,1,0,0,4,3,4,4,4,3,-0.21750557,0.17298293,3
38261,1,12,1,1,3,0,0,1,0,0,4,4,4,3,4,2,0.20389625,-0.46647879,2
38261,1,0,1,1,3,1,0,0,0,0,4,4,4,4,3,3,0.20389625,-0.45001343,3
38261,1,0,1,1,3,1,0,0,1,0,3,3,3,3,3,3,-1.0827425,-1.0894752,3
38261,1,0,1,1,3,1,0,0,0,0,3,3,3,3,3,3,-1.0827425,-1.0894752,3
38261,1,0,1,1,3,0,0,0,1,0,4,3,3,4,3,3,-0.66810596,-0.45001343,3
38261,1,0,1,1,3,1,0,0,0,0,4,3,4,4,3,4,-0.21750557,-0.45001343,4
38261,1,4,1,1,3,1,0,1,1,0,4,4,3,4,4,4,-0.24670412,0.17298293,4
38261,1,8,1,1,3,0,0,1,0,0,4,4,4,4,4,4,0.20389625,0.17298293,4
38261,3,10,1,1,3,0,1,1,1,1,4,4,4,4,4,4,0.20389625,0.17298293,4
38261,3,0,1,1,3,0,1,0,0,0,4,4,4,4,3,3,0.20389625,-0.45001343,3